Player,Ball lands,Ball hit from ,Stroke Type,Ball hit to ,In/out,Forced/Unforced,Double Fault,End of Point,End of Game,End of Set,End of Match
F,,Z12,S,Z3,Net,Unforced,,,,,
F,,Z12 ,S,Z2,In,,,,,,
DP,Z2,Z11,BT,Z8,In,,,,,,
F,Z8,Z12,FT,Z7,In,,,,,,
DP,Z7,Z11,FS,Z3,Net,Forced,,Yes,,,
F,,Z13,S,Z4,In,,,,,,
DP,Z4,Z13,FT,Z4,Net,Forced,,Yes,,,
F,,Z12,S,Z2,In,,,,,,
DP,Z2,Z11,FT,Z8,In,,,,,,
F,Z8,Z12,FT,Z9,In,,,,,,
DP,Z9,Z13,BT,Z5,Net,Unforced,,Yes,,,
F,,Z13,S,Z4,Net,Unforced,,,,,
F,,Z13,S,Z5,In,,,,,,
DP,Z5,Z14,BT,Z10,In,,,,,,
F,Z10,Z14,BT,Z9,In,,,,,,
DP,Z9,Z13,FT,Z5,In,,,,,,
F,Z5,Z14,BT,Z10,Wide,Unforced,,Yes,,,
F,,Z12,S,Z3,In,,,,,,
DP,Z3,Z12,BS,Z8,In,,,,,,
F,Z8,Z8,FT,Z14,In,,,,,,
DP,Z14,Z14,BT,Z1,Net,Unforced,,Yes,Yes,,
DP,,Z12,S,Z3,Net,Unforced,,,,,
DP,,Z12,S,Z3,In,,,,,,
F,Z3,Z12,BS,Z9,In,,,,,,
DP,Z9,Z13,FT,Z4,iN,,,,,,
F,Z4,Z13,BS,Z12,In,,,,,,
DP,Z12,Z11,FT,Z2,In,,,,,,
F,Z2,Z7,FT,Z7,In,,,,,,
DP,Z7,Z11,FT,Z5,IN,,,,,,
F,Z5,Z5,BV,Z5,In,,,,,,
DP,Z5,-,-,-,No Hit,Forced,,Yes,,,
DP,,Z13,S,Z5,Net,Unforced,,,,,
DP,,Z13,S,Z5,In,,,,,,
F,Z5,Z10,BS,Z8,IN,,,,,,
DP,Z8,Z13,FT,Z7,In,,,,,,
F,Z7,Z11,FT,Z8,In,,,,,,
DP,Z8,Z11,FT,Z10,In,,,,,,
F,Z10,Z14,BT,Z2,Net,Unforced,,Yes,,,
DP,,Z12,S,Z4,Net,Unforced,,,,,
DP,,Z12,S,Z4,In,,,,,,
F,Z4,Z8,BS,Z14,In,,,,,,
DP,Z14,Z13,FT,Z5,In,,,,,,
F,Z5,Z13,FT,Z5,IN,,,,,,
DP,Z5,Z14,BT,Z3,In,,,,,,
F,Z3,Z8,FT,Z4,In,,,,,,
DP,Z4,Z13,FT,Z6,In,,,,,,
F,Z6,Z16,BV,Z10,In,,,,,,
DP,Z10,Z14,BT,Z15,In,,,,,,
F,Z15,Z15,FV,Z2,In,,,,,,
DP,Z2,-,-,-,No HIt,Forced,,Yes,,,
DP,,Z13,S,Z4,Let,Unforced,,,,,
DP,,Z13,S,Z5,Long,Unforced,,,,,
DP,,Z13,S,Z5,IN,,,,,,
F,Z5,Z10,BS,Z10,In,,,,,,
DP,Z10,Z9,FT,Z10,In,,,,,,
F,Z10,Z14,BS,Z5,Wide,Forced ,,Yes,,,
DP,,Z12,S,Z3,Long,,,,,,
DP,,Z12,S,Z2,In,,,,,,
F,Z2,Z12,FT,Z2,In,,,,,,
DP,Z2,-,-,-,No Hit,Forced,,Yes,,,
DP,,Z13,S,Z5,In,,,,,,
F,Z5,Z14,BS,Z4,In,,,,,,
DP,Z4,Z9,FT,Z11,In,,,,,,
F,Z11,Z11,FT,Z1 ,Net,Unforced,,Yes,,,
DP,,Z12,S,Z3,Wide,Unforced,,,,,
DP,,Z12,S,Z2,In,,,,,,
F,Z2,Z8,BS,Z9,In,,,,,,
DP,Z9,Z8,FT,Z10,In,,,,,,
F,Z10,Z14,BS,Z9,In,,,,,,
DP,Z9,Z13,FT,Z7,In,,,,,,
F,Z7,Z11,FT,Z7,In,,,,,,
DP,Z7,Z11,BS,Z19,In,,,,,,
F,Z19,Z5,FO,Z5,In,,,,,,
DP,Z5,-,-,-,No HIt,Forced,,Yes,,,
DP,,Z13,S,Z6,Let,Unforced,,,,,
DP,,Z13,S,Z5,In,,,,,,
F,Z5,Z10,BS,Z9,In,,,,,,
DP,Z9,Z13,FT,Z9,In,,,,,,
F,Z9,Z13,BT,Z9,In,,,,,,
DP,Z9,Z12,FT,Z10,In,,,,,,
F,Z10,Z14,FT,Z9,In,,,,,,
DP,Z9,Z14,FT,Z5,In,,,,,,
F,Z5,Z14,BS,Z7,In,,,,,,
DP,Z7,Z12,FT,Z9,In,,,,,,
F,Z9,Z14,BS,Z4,In,,,,,,
DP,Z4,Z9,FT,Z11,In,,,,,,
F,Z11,-,-,-,No Hit,Forced,,Yes,,,
DP,,Z12,S,Z3,Long,Unforced,,,,,
DP,,Z12,S,Z3,IN,,,,,,
F,Z3,Z12,BS,Z10,In,,,,,,
DP,Z10,Z10,FT,Z9,In,,,,,,
F,Z9,Z13,FT,Z8,In,,,,,,
DP,Z8,Z12,FT,Z10,Long,Unforced,,Yes,,,
DP,,Z13,S,Z5,In,,,,,,
F,Z5,Z14,BS,Z3,In,,,,,,
DP,Z3,Z8,FT,Z7,In,,,,,,
F,Z7,Z11,FT,Z6,Net,Forced,,Yes,,,
DP,,Z12,S,Z3,IN,,,,,,
F,Z3,Z12,BS,Z5,In,,,,,,
DP,Z5,Z9,BT,Z9,In,,,,,,
F,Z9,Z14,FT,Z8,In,,,,,,
DP,Z8,Z12,FT,Z7,In,,,,,,
F,Z7,Z11,FT,Z9,In,,,,,,
DP,Z9,Z13,BT,Z9,In,,,,,,
F,Z9,Z13,BS,Z5,In,,,,,,
DP,Z5,Z14,BT,Z10,In,,,,,,
F,Z10,Z14,BS,Z9,In,,,,,,
DP,Z9,Z14,BT,Z8,In,,,,,,
F,Z8,Z12,FT,Z14,In,,,,,,
DP,Z14,Z14,BT,Z9,In,,,,,,
F,Z9,Z13,FT,Z7,In,,,,,,
DP,Z7,Z11,FT,Z7,Wide,Unforced,,Yes,,,
DP,,Z13,S,Z5,In,,,,,,
F,Z5,Z14,BS,Z5,Net,Unforced,,Yes,,,
DP,,Z12,S,Z3,Net,Unforced,,,,,
DP,,Z12,S,Z2,In,,,,,,
F,Z2,Z11,FT,Z8,In,,,,,,
DP,Z8,Z12,FT,Z5,In,,,,,,
F,Z5,Z9,FT,Z8,In,,,,,,
DP,Z8,Z12,FT,Z8,In,,,,,,
F,Z8,Z11,FT,Z5,In,,,,,,
DP,Z5,Z13,BT,Z9,In,,,,,,
F,Z9,Z14,FT,Z8,In,,,,,,
DP,Z8,Z12,FT,Z13,Long,Unforced,,Yes,,,
DP,,Z13,S,Z5,Net,Unforced,,,,,
DP,,Z13,S,Z5,IN,,,,,,
F,Z5,Z10,BS,Z4,In,,,,,,
DP,Z4,Z9,FT,Z9,IN,,,,,,
F,Z9,Z13,BS,Z10,In,,,,,,
DP,Z10,Z14,FT,Z10,In,,,,,,
F,Z10,Z14,BT,Z5,In,,,,,,
DP,Z5,Z10,FT,Z7,In,,,,,,
F,Z7,Z11,FT,Z15,In,,,,,,
DP,Z15,Z6,BO,Z6,In,,,,,,
F,Z6,Z14,BS,Z6,In,,,,,,
DP,Z6,Z6,BS,Z11,In,,,,,,
F,Z11,Z11,FT,Z7,In,,,,,,
DP,Z7,-,-,-,No HIt,Forced,,Yes,Yes,,
F,,Z12,S,Z3,Let,Unforced,,,,,
F,,Z12,S,Z3,IN,,,,,,
DP,Z3,Z8,BT,Z9,In,,,,,,
F,Z9,Z13,FT,Z2,In,,,,,,
DP,Z2,Z11,FT,Z7,In,,,,,,
F,Z7,Z11,FT,Z14,Long,,,,,,
F,,Z13,S,Z4,In,,,,,,
DP,Z4,Z12,FS,Z10,In,,,,,,
F,Z10,Z14,FT,Z9,In,,,,,,
DP,Z9,Z14,FT,Z4,In,,,,,,
F,Z4,Z10,FT,Z8,In,,,,,,
DP,Z8,Z11,FT,Z1 ,Net,Unforced,,Yes,,,
F,,Z12,S,Z3,Long,Unforced,,,,,
F,,Z12,S,Z2,In,,,,,,
DP,Z2,Z7,BT,Z9,IN,,,,,,
F,Z9,Z9,BS,Z5,In,,,,,,
DP,Z5,Z14,BT,Z10,In,,,,,,
F,Z10,Z14,BT,Z9,In,,,,,,
DP,Z9,Z14,BT,Z9,In,,,,,,
F,Z9,Z13,FT,Z10,In,,,,,,
DP,Z10,-,-,-,No HIt,Forced,,Yes,,,
F,,Z13,S,Z6,Net,Unforced,,,,,
F,,Z13,S,Z4,In,,,,,,
DP,Z4,Z9,FT,Z5,Net,Unforced,,Yes,,,
F,,Z12,S,Z2,In,,,,,,
DP,Z2,Z11,FT,Z8,Long,Forced,,Yes,Yes,,
DP,,Z12,S,Z1,In,,,,,,
F,Z1,-,-,-,No Hit,Forced,,Yes,,,
DP,,Z13,S,Z4,In,,,,,,
F,Z4,Z13,FT,Z10,Wide,Unforced,,Yes,,,
DP,,Z12,S,Z3,In,,,,,,
F,Z3,Z12,BS,Z14,Long,Forced,,Yes,,,
DP,,Z13,S,Z4,Long,Unforced,,,,,
DP,,Z13,S,Z5,In,,,,,,
F,Z5,Z14,FT,Z13,IN,,,,,,
DP,Z13,Z13,FT,Z9,In,,,,,,
F,Z9,Z13,FT,Z12,In,,,,,,
DP,Z12,Z12,FT,Z2,Net,Unforced,,Yes,,,
DP,,Z12,S,Z2,In,,,,,,
F,Z2,Z11,FT,Z13,Long,Unforced,,Yes,Yes,,
F,,Z12,S,Z1,Wide,Unforced,,,,,
F,,Z12,S,Z2,In,,,,,,
DP,Z2,Z11,FT,Z9,In,,,,,,
F,Z9,Z13,FT,Z10,In,,,,,,
DP,Z10,Z14,FT,Z10,In,,,,,,
F,Z10,Z13,BS,Z10,In,,,,,,
DP,Z10,Z10,FT,Z10,In,,,,,,
F,Z10,Z14,BT,Z10,In,,,,,,
DP,Z10,Z10,FT,Z4,In,,,,,,
F,Z4,Z14,BT,Z10,In,,,,,,
DP,Z10,Z10,FT,Z5,In,,,,,,
F,Z5,Z14,BT,Z10,In,,,,,,
DP,Z10,Z14,BT,Z10,In,,,,,,
F,Z10,Z14,FT,Z9,In,,,,,,
DP,Z9,Z13,FT,Z8,IN,,,,,,
F,Z8,Z12,FT,Z9,In,,,,,,
DP,Z9,Z13,FT,Z5,IN,,,,,,
F,Z5,Z14,BS,Z5,In,,,,,,
DP,Z5,Z10,BS,Z10,In,,,,,,
F,Z10,Z14,BT,Z5,In,,,,,,
DP,Z5,-,-,-,No HIt,Forced,,Yes,,,
F,,Z13,S,Z5,Net,Unforced,,,,,
F,,Z13,S,Z5,In,,,,,,
DP,Z5,Z14,BT,Z9,IN,,,,,,
F,Z9,Z13,FT,Z10,In,,,,,,
DP,Z10,Z14,BT,Z9,In,,,,,,
F,Z9,Z9,FS,Z6,In,,,,,,
DP,Z5,-,-,-,No Hit,Forced,,Yes,,,
F,,Z12,S,Z3,In,,,,,,
DP,Z3,Z12,BS,Z10,In,,,,,,
F,Z10,Z10,BT,Z14,In,,,,,,
DP,Z14,Z14,BT,Z10,In,,,,,,
F,Z10,Z14,FT,Z1,Net,Unforced,,Yes,,,
F,,Z13,S,Z5,Wide ,Unforced,,,,,
F,,Z13,S,Z5,Net,Unforced ,Yes,Yes,,,
F,,Z12,S,Z3,In,,,,,,
DP,Z3,Z12,BS,Z5,Net,Forced,,Yes,,,
F,,Z13,S,Z5,Net,Unforced,,,,,
F,,Z13,S,Z5,In,,,,,,
DP,Z5,Z10,BT,Z10,In,,,,,,
F,Z10,Z14,BS,Z7,In,,,,,,
DP,Z7,Z11,FT,Z2,In,,,,,,
F,Z2,Z7,FT,Z10,In,,,,,,
DP,Z10,Z14,BT,Z16,In,,,,,,
F,Z16,Z16,BV,Z10,In,,,,,,
DP,Z10,Z14,BS,Z5,In,,,,,,
F,Z5,Z5,FO,Z2,In,,,,,,
DP,Z2,-,-,-,No Hit,Forced,,Yes,Yes,,
DP,,Z12,S,Z2,Net,Unforced,,,,,
DP,,Z12,S,Z3,In,,,,,,
F,Z3,Z8,BS,Z5,In,,,,,,
DP,Z5,Z14,BL ,Z18,Wide,Unforced,,Yes,,,
DP,,Z13,S,Z4,In,,,,,,
F,Z4,Z13,FT,Z3,Net,Forced,,Yes,,,
DP,,Z12,S,Z3,In,,,,,,
F,Z3,Z12,BS,Z3,Net,Forced,,Yes,,,
DP,,Z13,S,Z4,In,,,,,,
F,Z4,Z13,FT,Z5,In,,,,,,
DP,Z5,Z14,BT,Z2,IN,,,,,,
F,Z2,Z8,FT,Z9,In,,,,,,
DP,Z9,Z13,BL ,Z19,In,,,,,,
F,Z19,Z3,FO,Z8,In,,,,,,
DP,Z8,Z12,FL,Z19,In,,,,,,
F,Z19,Z6,BO,Z5,In,,,,,,
DP,Z5,-,-,-,No Hit,Forced,,Yes,,,
DP,,Z12,S,Z3,Long,Unforced,,,,,
DP,,Z12,S,Z2,Long,Unforced ,Yes,Yes,,,
DP,,Z13,S,Z5,Net,Unforced,,,,,
DP,,Z13,S,Z5,In,,,,,,
F,Z5,Z14,BS,Z10,In,,,,,,
DP,Z10,Z14,BT,Z9,IN,,,,,,
F,Z9,Z14,FT,Z10,In,,,,,,
DP,Z10,Z14,BT,Z14,In,,,,,,
F,Z14,Z14,BT,Z10,In,,,,,,
DP,Z10,Z13,FT,Z10,In,,,,,,
F,Z10,Z14,BT,Z8,In,,,,,,
DP,Z8,Z12,FT,Z9,IN,,,,,,
F,Z9,Z14,BT,Z3,In,,,,,,
DP,Z3,Z12,FT,Z5,In,,,,,,
F,Z5,Z14,BT,Z3,In,,,,,,
DP,Z3,Z12,FT,Z12,In,,,,,,
F,Z12,Z12,FT,Z9,In,,,,,,
DP,Z9,Z13,FT,Z9,In,,,,,,
F,Z9,Z13,FT,Z2,Wide,Unforced,,Yes,,,
DP,,Z12,S,Z3,In,,,,,,
F,Z3,-,-,-,No HIt,Forced,,Yes,,,
DP,,Z13,S,Z4,In,,,,,,
F,Z4,-,-,-,No Hit,Forced,,Yes,Yes,,
F,,Z12,S,Z1,Wide,Unforced,,,,,
F,,Z12,S,Z2,Long,Unforced,Yes,Yes,,,
F,,Z13,S,Z5,Net,Unforced,,,,,
F,,Z13,S,Z5,In,,,,,,
DP,Z5,Z10,BT,Z10,In,,,,,,
F,Z10,Z10,BS,Z8,In,,,,,,
DP,Z8,Z13,FT,Z10,In,,,,,,
F,Z10,Z14,BS,Z14,Long,Unforced,,Yes,,,
F,,Z12,S,Z1,Wide,Unforced,,,,,
F,,Z12,S,Z2,In,,,,,,
DP,Z2,Z11,BT,Z13,In,,,,,,
F,Z13,Z13,BL ,Z10,In,,,,,,
DP,Z10,Z14,BT,Z7,In,,,,,,
F,Z7,Z11,FT,Z7,In,,,,,,
DP,Z7,Z11,FT,Z3,Net,Unforced,,Yes,,,
F,,Z13,S,Z5,Net,Unforced,,,,,
F,,Z13,S,Z5,In,,,,,,
DP,Z5,Z10,BT,Z10,In,,,,,,
F,Z10,Z14,FT,Z10,In,,,,,,
DP,Z10,Z14,BT,Z4,In,,,,,,
F,Z4,Z9,FT,Z10,In,,,,,,
DP,Z10,-,-,-,No Hit,Forced,,Yes,,,
F,,Z12,S,Z3,Wide,Unforced,,,,,
F,,Z12,S,Z3,In,,,,,,
DP,Z3,Z9,BS,Z3,In,,,,,,
F,Z3,Z3,FT,Z11,In,,,,,,
DP,Z11,Z11,FL,Z14,Long,Forced,,Yes,,,
F,,Z13,S,Z4,In,,,,,,
DP,Z4,Z13,FS,Z10,In,,,,,,
F,Z10,Z14,BS,Z7,In,,,,,,
DP,Z7,Z12,FT,Z7,In,,,,,,
F,Z7,Z11,FT,Z8,In,,,,,,
DP,Z8,Z11,FT,Z9,In,,,,,,
F,Z9,Z13,BT,Z10,In,,,,,,
DP,Z10,Z14,BT,Z5,In,,,,,,
F,Z5,Z14,BT,Z5,In,,,,,,
DP,Z5,Z10,BT,Z9,In,,,,,,
F,Z9,Z13,FT,Z2,In,,,,,,
DP,Z2,-,-,-,No Hit,Forced,,Yes,Yes,,
DP,,Z12,S,Z3,Net,Unforced,,,,,
DP,,Z12,S,Z2,In,,,,,,
F,Z2,Z12,BS,Z8,In,,,,,,
DP,Z8,Z8,FT,Z7,In,,,,,,
F,Z7,Z11,BS,Z8,In,,,,,,
DP,Z8,Z7,FT,Z7,In,,,,,,
F,Z7,Z11,BS,Z8,In,,,,,,
DP,Z8,Z8,FT,Z12,Long,Unforced,,Yes,,,
DP,,Z13,S,Z4,Let,Unforced,,,,,
DP,,Z13,S,Z4,In,,,,,,
F,Z4,Z13,FT,Z9,In,,,,,,
DP,Z9,Z13,FT,Z10,In,,,,,,
F,Z10,Z14,BT,Z10,In,,,,,,
DP,Z10,Z14,BT,Z10,In,,,,,,
F,Z10,Z14,BS,Z10,In,,,,,,
DP,Z10,Z10,BT,Z10,In,,,,,,
F,Z10,Z14,BS,Z10,In,,,,,,
DP,Z10,Z14,BS,Z4,In,,,,,,
F,Z4,Z4,FV,Z5,In,,,,,,
DP,Z5,-,-,-,No Hit,Forced,,Yes,,,
DP,,Z12,S,Z3,Long,Unforced,,,,,
DP,,Z12,S,Z2,In,,,,,,
F,Z2,Z11,FT,Z12,In,,,,,,
DP,Z12,Z12,FT,Z14,In,,,,,,
F,Z14,Z14,BS,Z9,In,,,,,,
DP,Z9,Z9,FT,Z7,Wide,Unforced,,Yes,,,
DP,,Z13,S,Z5,In,,,,,,
F,Z5,-,-,-,No Hit,Forced,,Yes,,,
DP,,Z12,S,Z3,In,,,,,,
F,Z3,Z12,BS,Z4,In,,,,,,
DP,Z4,Z9,FT,Z11,In,,,,,,
F,Z11,Z11,BS,Z19,In,,,,,,
DP,Z19,Z5,FO,Z5,In,,,,,,
F,Z5,-,-,-,No Hit,Forced,,Yes,,,
DP,,Z13,S,Z5,In,,,,,,
F,Z5,Z14,BS,Z13,In,,,,,,
DP,Z13,Z13,FT,Z5,In,,,,,,
F,Z5,Z14,BS,Z6,In,,,,,,
DP,Z6,Z6,BT,Z7,In,,,,,,
F,Z7,Z11,FS,Z5,In,,,,,,
DP,Z5,Z6,FO,Z3,In,,,,,,
F,Z3,-,-,-,No Hit,Forced,,Yes,,,
DP,,Z12,S,Z3,In,,,,,,
F,Z3,Z12,BS,Z8,In,,,,,,
DP,Z8,Z12,FT,Z5,in,,,,,,
F,Z5,Z9,BS,Z1,In,,,,,,
DP,Z1,Z1,FT,Z10,In,,,,,,
F,Z10,-,-,-,No HIt,Forced,,Yes,,,
DP,,Z13,S,Z6,In,,,,,,
F,Z6,-,-,-,No Hit,Forced,,Yes,Yes,,
F,,Z12,S,Z2,Net,Unforced,,,,,
F,,Z12,S,Z2,Net,Unforced ,Yes,Yes,,,
F,,Z13,S,Z5,In,,,,,,
DP,Z5,Z14,BS,Z3,Net,Forced,,Yes,,,
F,,Z12,S,Z1,In,,,,,,
DP,Z1,-,-,-,No Hit,Forced,,Yes,,,
F,,Z13,S,Z5,Net,Unforced,,,,,
F,,Z13,S,Z5,In,,,,,,
DP,Z5,Z10,FS,Z9,In,,,,,,
F,Z9,Z13,FT,Z8,In,,,,,,
DP,Z8,Z12,FT,Z4,Net,Unforced,,Yes,,,
F,,Z12,S,Z1,In,,,,,,
DP,Z1,-,-,-,No Hit,Forced,,Yes,Yes ,Yes,
DP,,Z12,S,Z3,Wide,Unforced,,,,,
DP,,Z12,S,Z3,In,,,,,,
F,Z3,Z12,BS,Z9,In,,,,,,
DP,Z9,Z13,FT,Z5,In,,,,,,
F,Z5,Z14,BT,Z10,In,,,,,,
DP,Z10,Z14,BT,Z13,Long,Unforced,,Yes,,,
DP,,Z13,S,Z5,Long,Unforced,,,,,
DP,,Z13,S,Z5,In,,,,,,
F,Z5,Z14,FT,Z10,In,,,,,,
DP,Z10,Z14,BT,Z7,In,,,,,,
F,Z7,Z12,FT,Z10,In,,,,,,
DP,Z10,Z14,BT,Z13,In,,,,,,
F,Z13,Z13,FT,Z8,In,,,,,,
DP,Z8,Z12,FT,Z7,Wide,Unforced,,Yes,,,
DP,,Z12,S,Z2,Wide,Unforced,,,,,
DP,,Z12,S,Z3,Long,Unforced,Yes,Yes,,,
DP,,Z13,S,Z5,Long,Unforced,,,,,
DP,,Z13,S,Z5,In,,,,,,
F,Z5,Z14,FT,Z12,In,,,,,,
DP,Z12,Z12,FT,Z2,In,,,,,,
F,Z2,Z11,FT,Z7,In,,,,,,
DP,Z7,Z11,FT,Z13,In,,,,,,
F,Z13,Z13,BS,Z10,Wide,Unforced,,Yes,,,
DP,,Z12,S,Z3,Net,Unforced,,,,,
DP,,Z12,S,Z3,Net,Unforced,Yes,Yes,Yes,,
F,,Z12,S,Z2,Net,Unforced,,,,,
F,,Z12,S,Z2,In,,,,,,
DP,Z2,Z11,BT,Z8,In,,,,,,
F,Z8,Z12,FT,Z7,In,,,,,,
DP,Z7,Z11,FT,Z7,In,,,,,,
F,Z7,Z11,FT,Z10,In,,,,,,
DP,Z10,Z14,BT,Z5,In,,,,,,
F,Z5,Z10,BS,Z10,In,,,,,,
DP,Z10,Z14,BT,Z3,In,,,,,,
F,Z3,Z3,FV,Z5,In,,,,,,
DP,Z5,Z10,BS,Z6,Net,Unforced,,Yes,,,
F,,Z13,S,Z5,In,,,,,,
DP,Z5,Z14,BT,Z5,In,,,,,,
F,Z5,Z10,BT,Z9,In,,,,,,
DP,Z9,Z14,BT,Z5,In,,,,,,
F,Z5,Z14,BS,Z9,In,,,,,,
DP,Z9,Z13,FT,Z8,In,,,,,,
F,Z8,Z12,FT,Z8,In,,,,,,
DP,Z8,Z11,FT,Z14,In,,,,,,
F,Z14,Z14,BS,Z8,In,,,,,,
DP,Z8,Z12,FT,Z2,Wide,Unforced,,Yes,,,
F,,Z12,S,Z1,In,,,,,,
DP,Z1,Z11,FS,Z6,In,,,,,,
F,Z6,Z5,BS,Z7,In,,,,,,
DP,Z7,-,-,-,No HIt,Forced,,Yes,,,
F,,Z13,S,Z4,Net,Unforced,,,,,
F,,Z13,S,Z5,Net,Unforced ,Yes,Yes,,,
F,,Z12,S,Z3,In,,,,,,
DP,Z3,Z12,BS,Z4,In,,,,,,
F,Z4,Z4,BS,Z10,In,,,,,,
DP,Z10,Z14,BS,Z1,In,,,,,,
F,Z1,Z1,FV,Z7,In,,,,,,
DP,Z7,-,-,-,No Hit,Forced,,Yes,Yes,,
DP,,Z12,S,Z3,In,,,,,,
F,Z3,Z12,BS,Z8,In,,,,,,
DP,Z8,Z12 ,FT,Z10 ,In,,,,,,
F,Z10,Z14,BT,Z7,In,,,,,,
DP,Z7,Z11,FT,Z8,In,,,,,,
F,Z8,Z11,FT,Z8,In,,,,,,
DP,Z8,Z11,FT,Z10,In,,,,,,
F,Z10,Z13,BS,Z13,Long,Unforced,,Yes,,,
DP,,Z13,S,Z4,Wide,Unforced,,,,,
DP,,Z13,S,Z5,In,,,,,,
F,Z5,Z10,BS,Z10,In,,,,,,
DP,Z10,Z14,BT,Z9,In,,,,,,
F,Z9,Z13,FT,Z9,In,,,,,,
DP,Z9,Z13,BT,Z9,In,,,,,,
F,Z9,Z13,FT,Z11,In,,,,,,
DP,Z11,-,-,-,No HIt,Forced,,Yes,,,
DP,,Z12,S,Z2,Net,Unforced,,,,,
DP,,Z12,S,Z2,In,,,,,,
F,Z2,Z11,FT,Z8,In,,,,,,
DP,Z8,Z12,FT,Z7,In,,,,,,
F,Z7,Z11,FT,Z13,Long,Unforced,,Yes,,,
DP,,Z13,S,Z4,In,,,,,,
F,Z4,-,-,-,No HIt,Forced,,Yes,,,
DP,,Z12,S,Z2,In,,,,,,
F,Z2,Z11,BS,Z2,In,,,,,,
DP,Z2,Z7,FT,Z10,In,,,,,,
F,Z10,Z14,BS,Z1,In,,,,,,
DP,Z1,Z1,FT,Z7,In,,,,,,
F,Z7,-,-,-,No Hit ,Forced,,Yes,Yes,,
F,,Z12,S,Z3,In,,,,,,
DP,Z3,Z12,BT,Z7,In,,,,,,
F,Z7,Z7,FT,Z8,In,,,,,,
DP,Z8,Z11,FT,Z9,In,,,,,,
F,Z9,Z13,BS,Z5,In,,,,,,
DP,Z5,Z10,BS,Z10 ,In,,,,,,
F,Z10,Z14,FT,Z8,In,,,,,,
DP,Z8,Z12,FT,Z3,In,,,,,,
F,Z3,Z8,FL,Z10,In,,,,,,
DP,Z10,Z14,BL ,Z4,In,,,,,,
F,Z4,Z4,FO,Z3,In,,,,,,
DP,Z3,Z12,FT,Z10,In,,,,,,
F,Z10,-,-,-,No Hit,Forced,,Yes,,,
F,,Z13,S,Z5,Long,Unforced,,,,,
F,,Z13,S,Z4`,In,,,,,,
DP,Z4,Z9,FT,Z10,In,,,,,,
F,Z10,Z14,FT,Z7,In,,,,,,
DP,Z7,Z12,FT,Z7,In,,,,,,
F,Z7,Z11,FT,Z7,In,,,,,,
DP,Z7,Z11,FT,Z4,In,,,,,,
F,Z4,Z9,BS,Z9,In,,,,,,
DP,Z9,Z13,BT,Z2,Net,Forced,,Yes,,,
F,,Z12,S,Z3,Net,Unforced,,,,,
F,,Z12,S,Z3,In,,,,,,
DP,Z3,Z12,BS,Z3,In,,,,,,
F,Z3,Z9,FT,Z10,In,,,,,,
DP,Z10,Z14,BT,Z4,In,,,,,,
F,Z4,Z4,FV,Z13,Long,Unforced,,Yes,,,
F,,Z13,S,Z5,In,,,,,,
DP,Z5,Z14,BT,Z9,In,,,,,,
F,Z9,Z13,FT,Z11,Wide,Unforced,,Yes,,,
F,,Z12,S,Z3,Wide,Unforced,,,,,
F,,Z12,S,Z2,IN,,,,,,
DP,Z2,Z11,BT,Z7,In,,,,,,
F,Z7,Z11,FT,Z10,In,,,,,,
DP,Z10,Z14,FS,Z3,Net,Forced,,Yes,,,
F,,Z13,S,Z5,Net,Unforced,,,,,
F,,Z13,S,Z5,In,,,,,,
DP,Z5,Z10,BT,Z13,In,,,,,,
F,Z13,Z13,FT,Z10,In,,,,,,
DP,Z10,Z14,BS,Z13,Long,Unforced,,Yes,,,
F,,Z12,S,Z3,Long,Unforced,,,,,
F,,Z12,S,Z3,In,,,,,,
DP,Z3,Z8,BT,Z10,In,,,,,,
F,Z10,Z14,BS,Z9,In,,,,,,
DP,Z9,Z13,FT,Z5,Net,Unforced,,Yes,,,
F,,Z13,S,Z4,In,,,,,,
DP,Z4,Z13,FT,Z10,In,,,,,,
F,Z10,Z10,BS,Z5,In,,,,,,
DP,Z5,Z10,BT,Z7,In,,,,,,
F,Z7,Z11,FT,Z10,In,,,,,,
DP,Z10,Z13,BT,Z10,In,,,,,,
F,Z10,Z13,BS,Z4,Net,Unforced,,Yes,,,
F,,Z12,S,Z2,Out,Unforced,,,,,
F,,Z12,S,Z2,In,,,,,,
DP,Z2,Z11,BS,Z8,In,,,,,,
F,Z8,Z12,FT,Z14,Long,Unforced,,Yes,,,
F,,Z13,S,Z5,Long,Unforced,,,,,
F,,Z13,S,Z5,In,,,,,,
DP,Z5,Z10,BT,Z9,In,,,,,,
F,Z9,Z13,FT,Z5,In,,,,,,
DP,Z5,Z14,BT,Z9,In,,,,,,
F,Z9,Z14,FT,Z7,In,,,,,,
DP,Z7,-,-,-,No Hit,Forced,,Yes,,,
F,,Z12,S,Z3,Wide,Unforced,,,,,
F,,Z12,S,Z3,In,,,,,,
DP,Z3,Z12,BS,Z9,In,,,,,,
F,Z9,Z13,FT,Z10,In,,,,,,
DP,Z10,Z14,BT,Z8,In,,,,,,
F,Z8,Z12,FT,Z3,In,,,,,,
DP,Z3,Z12,FT,Z10,In,,,,,,
F,Z10,Z13,BS,Z10,In,,,,,,
DP,Z10,Z14,FT,Z10,In,,,,,,
F,Z10,Z14,BS,Z9,In,,,,,,
DP,Z9,Z10,BT,Z7,Net,Unforced,,Yes,,,
F,,Z13,S,Z5,Net,Unforced,,,,,
F,,Z13,S,Z5,Long,Unforced,Yes,Yes,,,
F,,Z12,S,Z1,In,,,,,,
DP,Z1,Z11,FS,Z9,In,,,,,,
F,Z9,Z13,FT,Z9,In,,,,,,
DP,Z9,Z13,FT,Z9,In,,,,,,
F,Z9,Z13,FT,Z8,In,,,,,,
DP,Z8,Z12,FT,Z8,In,,,,,,
F,Z8,Z12,FT,Z8,In,,,,,,
DP,Z8,Z11,FT,Z11,Long,Unforced,,Yes,,,
F,,Z13,S,Z5,In,,,,,,
DP,Z5,-,-,-,No Hit,Forced,,Yes,Yes,,
DP,,Z12,S,Z3,In,,,,,,
F,Z3,Z12,BS,Z5,Net,Unforced,,Yes,,,
DP,,Z13,S,Z5,In,,,,,,
F,Z5,Z14,BS,Z9,In,,,,,,
DP,Z9,Z13,FT,Z10,In,,,,,,
F,Z10,Z14,BS,Z9,In,,,,,,
DP,Z9,Z9,FT,Z10,Net,Unforced,,Yes,,,
DP,,Z12,S,Z3,In,,,,,,
F,Z3,-,-,-,No Hit,Forced,,Yes,,,
DP,,Z13,S,Z4,In,,,,,,
F,Z4,Z13,FL,Z12,Long,Unforced,,Yes,,,
DP,,Z12,S,Z3,Long,Unforced,,,,,
DP,,Z12,S,Z3,In,,,,,,
F,Z3,Z12,FT,Z8,In,,,,,,
DP,Z8,Z12,BT,Z4,In,,,,,,
F,Z4,Z9,BS,Z10,In,,,,,,
DP,Z10,Z14,BT,Z5,Net,Unforced,,Yes,,,
DP,,Z13,S,Z5,In,,,,,,
F,Z5,Z14,BS,Z3,In,,,,,,
DP,Z3,Z8,FT,Z8,In,,,,,,
F,Z8,Z12,FT,Z10,IN,,,,,,
DP,Z10,Z14,BT,Z10,In,,,,,,
F,Z10,Z14,BL ,Z7,In,,,,,,
DP,Z7,Z11,FT,Z3,In,,,,,,
F,Z3,Z8,FT,Z7,In,,,,,,
DP,Z7,Z11,FT,Z8,In,,,,,,
F,Z8,Z12,FT,Z10,In,,,,,,
DP,Z10,Z14,BT,Z9,In,,,,,,
F,Z9,Z13,FT,Z14,In,,,,,,
DP,Z14,Z14,BT,Z5,In,,,,,,
F,Z5,Z14,BS,Z8,In,,,,,,
DP,Z8,Z12,FT,Z11,Long,Forced,,Yes,,,
DP,,Z12,S,Z3,Long,Unforced,,,,,
DP,,Z12,S,Z3,In,,,,,,
F,Z3,Z8,BS,Z13,In,,,,,,
DP,Z13,Z13,FT,Z3,Net,Unforced,,Yes,,,
DP,,Z13,S,Z5,In,,,,,,
F,Z5,Z14,BS,Z5,In,,,,,,
DP,Z5,Z10,FT,Z14,In,,,,,,
F,Z14,-,-,-,No Hit,Forced,,Yes,,,
DP,,Z12,S,Z2,In,,,,,,
F,Z2,Z11,FS,Z6,In,,,,,,
DP,Z6,Z10,BT,Z14,Long,Unforced,,Yes,,,
DP,,Z13,S,Z5,In,,,,,,
F,Z5,Z14,BS,Z10,In,,,,,,
DP,Z10,Z10,FT,Z10,In,,,,,,
F,Z10,Z14,BS,Z3,In,,,,,,
DP,Z3,Z12,FT,Z7,In,,,,,,
F,Z7,Z11,FT,Z8,In,,,,,,
DP,Z8,Z12,FT,Z9,IN,,,,,,
F,Z9,Z13,BS,Z10,In,,,,,,
DP,Z10,Z10,BT,Z9,In,,,,,,
F,Z9,Z13,FT,Z7,Net,Unforced,,Yes,,,
DP,,Z12,S,Z3,Net,Unforced,,,,,
DP,,Z12,S,Z3,In,,,,,,
F,Z3,Z12,BS,Z5,In,,,,,,
DP,Z5,Z10,BT,Z10,In,,,,,,
F,Z10,Z14,BS,Z2,In,,,,,,
DP,Z2,Z12,FT,Z7,In,,,,,,
F,Z7,Z11,FL,Z12,Long,Unforced,,Yes,,,
DP,,Z13,S,Z5,Let,Unforced,,,,,
DP,,Z13,S,Z5,In,,,,,,
F,Z5,Z14,BS,Z9,In,,,,,,
DP,Z9,Z13,FT,Z10,In,,,,,,
F,Z10,Z14,BS,Z9,In,,,,,,
DP,Z9,Z13,FT,Z13,In,,,,,,
F,Z13,Z13,BS,Z10,In,,,,,,
DP,Z10,Z14,BT,Z10,In,,,,,,
F,Z10,Z14,BT,Z7,In,,,,,,
DP,Z7,Z11,FT,Z7,In,,,,,,
F,Z7,Z11,FT,Z9,In,,,,,,
DP,Z9,Z13,FT,Z9,In,,,,,,
F,Z9,Z13,BS,Z4,IN,,,,,,
DP,Z4,Z13,BT,Z10,In,,,,,,
F,Z10,Z14,BS,Z5,In,,,,,,
DP,Z5,Z10,BS,Z10,In,,,,,,
F,Z10,Z14,FT,Z11,In,,,,,,
DP,Z11,-,-,-,No Hit,Forced,,Yes,,,
DP,,Z12,S,Z3,In,,,,,,
F,Z3,Z12,BS,Z2,In,,,,,,
DP,Z2,Z2,FT,Z7,In,,,,,,
F,Z7,-,-,-,No Hit,Forced,,Yes,,,
DP,,Z13,S,Z5,Out,Unforced,,,,,
DP,,Z13,S,Z5,In,,,,,,
F,Z5,Z10,BS,Z10,In,,,,,,
DP,Z10,Z14,FT,Z13,In,,,,,,
F,Z13,Z13,BL ,Z11,Long,Unforced,,Yes,Yes,,
F,,Z12,S,Z2,In,,,,,,
DP,Z2,Z11,FT,Z8,In,,,,,,
F,Z8,Z12,FT,Z5,In,,,,,,
DP,Z5,Z14,BS,Z6,In,,,,,,
F,Z6,Z6,BV,Z2,In,,,,,,
DP,Z2,Z2,FT,Z10,In,,,,,,
F,Z10,-,-,-,No Hit,Forced,,Yes,,,
F,,Z13,S,Z4,Wide,Unforced,,,,,
F,,Z13,S,Z5,In,,,,,,
DP,Z5,Z14,BT,Z4,In,,,,,,
F,Z4,Z10,BS,Z7,In,,,,,,
DP,Z7,Z11,FT,Z5,Net,Unforced,,Yes,,,
F,,Z12,S,Z2,Long,Unforced,,,,,
F,,Z12,S,Z2,In,,,,,,
DP,Z2,Z11,FT,Z8,In,,,,,,
F,Z8,Z11,FT,Z10,In,,,,,,
DP,Z10,Z14,BT,Z9,In,,,,,,
F,Z9,Z13,BS,Z8,In,,,,,,
DP,Z8,Z13,FT,Z5,In,,,,,,
F,Z5,Z14,BS,Z9,In,,,,,,
DP,Z9,Z13,FT,Z10,In,,,,,,
F,Z10,Z14,BS,Z10,In,,,,,,
DP,Z10,Z10,FT,Z7,In,,,,,,
F,Z7,Z11,FT,Z8,In,,,,,,
DP,Z8,Z12,FT,Z10,In,,,,,,
F,Z10,Z14,BS,Z10,In,,,,,,
DP,Z10,Z14,FT,Z14,Out,Unforced,,Yes,,,
F,,Z13,S,Z4,In,,,,,,
DP,Z4,Z13,FT,Z11,Out,Forced,,Yes,,,
F,,Z12,S,Z3,In,,,,,,
DP,Z3,-,-,-,No Hit,Forced,,Yes,Yes,,
DP,,Z12,S,Z2,Net,Unforced,,,,,
DP,,Z12,S,Z3,In,,,,,,
F,Z3,Z12,BT,Z8,In,,,,,,
DP,Z8,Z12,FT,Z7,In,,,,,,
F,Z7,Z11,FS,Z9,In,,,,,,
DP,Z9,Z13,FT,Z10,In,,,,,,
F,Z10,Z14,BS,Z19,Net,Forced,,Yes,,,
DP,,Z13,S,Z4,In,,,,,,
F,Z4,Z13,FT,Z4,Net,Forced,,Yes,,,
DP,,Z12,S,Z3,In,,,,,,
F,Z3,Z12,BS,Z9,In,,,,,,
DP,Z9,Z9,FT,Z10,In,,,,,,
F,Z10,Z14,BS,Z4,Net,Forced,,Yes,,,
DP,,Z13,S,Z5,In,,,,,,
F,Z5,Z14,BS,Z10,In,,,,,,
DP,Z10,Z10,BT,Z8,Net,Unforced,,Yes,,,
DP,,Z12,S,Z2,Net,Unforced,,,,,
DP,,Z12,S,Z3,Net,Unforced,Yes,Yes,,,
DP,,Z13,S,Z4,In,,,,,,
F,Z4,-,-,-,No Hit,Forced,,Yes,Yes,,
F,,Z12,S,Z1,Wide,Unforced,,,,,
F,,Z12,S,Z2,In,,,,,,
DP,Z2,Z11,FT,Z5,In,,,,,,
F,Z5,Z10,BS,Z10,In,,,,,,
DP,Z10,Z14,BT,Z9,IN,,,,,,
F,Z9,Z13,FT,Z14,In,,,,,,
DP,Z14,Z14,BT,Z13,in,,,,,,
F,Z13,Z13,BT,Z13,In,,,,,,
DP,Z13,Z13,FT,Z10,In,,,,,,
F,Z10,Z14,FT,Z11,Long,Unforced,,Yes,,,
F,,Z13,S,Z4,In,,,,,,
DP,Z4,-,-,-,No Hit,Forced,,Yes,,,
F,,Z12,S,Z2,In,,,,,,
DP,Z2,Z11,FS,Z5,In,,,,,,
F,Z5,Z5,FO,Z9,In,,,,,,
DP,Z9,-,-,-,No Hit,Forced,,Yes,,,
F,,Z13,S,Z4,In,,,,,,
DP,Z4,Z13,FT,Z11,Wide,Forced,,Yes,,,
F,,Z12,S,Z2,In,,,,,,
DP,Z2,Z11,FT,Z8,In,,,,,,
F,Z8,Z8,FL,Z13,Long,Forced,,Yes,,,
F,,Z13,S,Z5,Long,Unforced,,,,,
F,,Z13,S,Z4,In,,,,,,
DP,Z4,Z13,FT,Z10,In,,,,,,
F,Z10,Z14,BS,Z4,In,,,,,,
DP,Z4,Z10,BT,Z5,IN,,,,,,
F,Z5,Z14,BS,Z1,In,,,,,,
DP,Z1,Z1,FV,Z3,In,,,,,,
F,Z3,-,-,-,No Hit,Forced,,Yes,,,
F,,Z12,S,Z3,Net,Unforced,,,,,
F,,Z12,S,Z3,In,,,,,,
DP,Z3,Z12,BT,Z9,In,,,,,,
F,Z9,Z13,FT,Z2,In,,,,,,
DP,Z2,Z11,FT,Z4,In,,,,,,
F,Z4,Z13,FT,Z10,In,,,,,,
DP,Z10,Z14,FT,Z4,In,,,,,,
F,Z4,Z4,BS,Z8,In,,,,,,
DP,Z8,Z11,FT,Z10,Wide,Unforced,,Yes,,,
F,,Z13,S,Z5,Long,Unforced,,,,,
F,,Z13,S,Z5,In,,,,,,
DP,Z5,Z10,BT,Z9,In,,,,,,
F,Z9,Z13,FT,Z5,In,,,,,,
DP,Z5,Z14,BT,Z10,In,,,,,,
F,Z10,Z14,BS,Z9,In,,,,,,
DP,Z9,Z13,FT,Z9,In,,,,,,
F,Z9,Z13,BS,Z14,In,,,,,,
DP,Z14,Z14,FT,Z9,In,,,,,,
F,Z9,Z13,FT,Z9,In,,,,,,
DP,Z9,Z13,BT,Z13,In,,,,,,
F,Z13,Z13,BS,Z4,In,,,,,,
DP,Z4,Z9,FT,Z7,In,,,,,,
F,Z7,Z11,FT,Z2,Net,Unforced,,Yes,,,
F,,Z12,S,Z2,In,,,,,,
DP,Z2,Z11,FT,Z1,Wide,Unforced,,Yes,,,
F,,Z13,S,Z4,Long,Unforced,,,,,
F,,Z13,S,Z6,Wide,Unforced,Yes,Yes,,,
F,,Z12,S,Z2,Long,Unforced,,,,,
F,,Z12,S,Z3,In,,,,,,
DP,Z3,Z12,BT,Z8,In,,,,,,
F,Z8,Z8,FT,Z3,In,,,,,,
DP,Z3,Z12,FT,Z5,Net,Unforced,,Yes,,,
F,,Z13,S,Z5,Net,Unforced,,,,,
F,,Z13,S,Z5,In,,,,,,
DP,Z5,Z13,BS,Z10,In,,,,,,
F,Z10,Z14,FT,Z5,in,,,,,,
DP,Z5,Z14,BT,Z9,In,,,,,,
F,Z9,Z13,FT,Z2,In,,,,,,
DP,Z2,Z12,FT,Z12,In,,,,,,
F,Z12,Z12,FT,Z2,In,,,,,,
DP,Z2,Z11,FT,Z11,In,,,,,,
F,Z11,Z11,FT,Z9,In,,,,,,
DP,Z9,Z13,BT,Z9,Net,Unforced,,Yes,Yes,,
DP,,Z12,S,Z3,In,,,,,,
F,Z3,Z11,BS,Z3,In,,,,,,
DP,Z3,Z7,FT,Z7,In,,,,,,
F,Z7,Z11,FT,Z14,Long,Unforced,,Yes,,,
DP,,Z13,S,Z5,In,,,,,,
F,Z5,Z14,FT,Z5,Net,Unforced,,Yes,,,
DP,,Z12,S,Z2,Net,Unforced,,,,,
DP,,Z12,S,Z3,In,,,,,,
F,Z3,Z8,BS,Z4,In,,,,,,
DP,Z4,Z9,BT,Z10,In,,,,,,
F,Z10,Z14,BS,Z5,In,,,,,,
DP,Z5,Z10,BT,Z7,In,,,,,,
F,Z7,Z12,FS,Z18,In,,,,,,
DP,Z18,Z6,BT,Z5,In,,,,,,
F,Z5,-,-,-,No HIt,Forced,,Yes,,,
DP,,Z13,S,Z5,In,,,,,,
F,Z5,Z14,BS,Z5,Net,Unforced,,Yes,Yes,,
F,,Z12,S,Z3,Long,Unforced,,,,,
F,,Z12,S,Z3,In,,,,,,
DP,Z3,Z12,FT,Z7,In,,,,,,
F,Z7,Z11,FT,Z7,In,,,,,,
DP,Z7,Z11,FT,Z10,In,,,,,,
F,Z10,Z14,BS,Z10,In,,,,,,
DP,Z10,Z10,FT,Z10,Net,Unforced,,Yes,,,
F,,Z13,S,Z4,long,unforced,,,,,
F,,Z13,S,Z6,In,,,,,,
DP,Z6,Z10,BS,Z6,Out,Forced,,Yes,,,
F,,Z12,S,Z3,In,,,,,,
DP,Z3,Z12,BT,Z8,In,,,,,,
F,Z8,Z12,FT,Z9,In,,,,,,
DP,Z9,Z13,BT,Z9,In,,,,,,
F,Z9,Z13,FT,Z10,In,,,,,,
DP,Z10,Z14,BT,Z10,In,,,,,,
F,Z10,Z14,BT,Z4,In,,,,,,
DP,Z4,Z13,FT,Z10,In,,,,,,
F,Z10,Z14,BS,Z5,Net,Unforced,,Yes,,,
F,,Z13,S,Z5,in,,,,,,
DP,Z5,Z14,BS,Z3,In,,,,,,
F,Z3,Z8,FS,Z6,In,,,,,,
DP,Z6,Z5,BL ,Z13,In,,,,,,
F,Z13,Z13,FL,Z13,Long,Forced,,Yes,,,
F,,Z12,S,Z2,Long,Unforced,,,,,
F,,Z12,S,Z3,In,,,,,,
DP,Z3,Z12,FT,Z3,IN,,,,,,
F,Z3,Z8,FT,Z11,In,,,,,,
DP,Z11,Z11,FT,Z10,In,,,,,,
F,Z10,-,-,-,No Hit,Forced,,Yes,,,
F,,Z13,S,Z5,In,,,,,,
DP,Z5,Z13,BT,Z8,In,,,,,,
F,Z8,Z12,FT,Z10,In,,,,,,
DP,Z10,Z14,BT,Z6,In,,,,,,
F,Z6,Z6,BV,Z7,In,,,,,,
DP,Z7,Z11,FT,Z10,In,,,,,,
F,Z10,-,-,-,No HIt,Forced,,Yes,Yes,,
DP,,Z12,S,Z2,In,,,,,,
F,Z2,Z11,FS,Z10,In,,,,,,
DP,Z10,Z14,BT,Z10,In,,,,,,
F,Z10,Z14,BS,Z5,Net,Unforced,,Yes,,,
DP,,Z13,S,Z4,Net,Unforced,,,,,
DP,,Z13,S,Z5,In,,,,,,
F,Z5,Z9,BS,Z12,IN,,,,,,
DP,Z12,Z12,FT,Z10,In,,,,,,
F,Z10,Z14,BL ,Z9,In,,,,,,
DP,Z9,Z10,FT,Z10,In,,,,,,
F,Z10,Z14,BT,Z9,In,,,,,,
DP,Z9,Z13,FT,Z7,In,,,,,,
F,Z7,Z11,FT,Z9,In,,,,,,
DP,Z9,Z13,FT,Z10,In,,,,,,
F,Z10,-,-,-,No Hit,Forced,,Yes,,,
DP,,Z12,S,Z2,In,,,,,,
F,Z2,Z11,FS,Z10,Wide,Forced,,Yes,,,
DP,,Z13,S,Z4,Net,Unforced,,,,,
DP,,Z13,S,Z5,IN,,,,,,
F,Z5,Z10,BS,Z10,IN,,,,,,
DP,Z10,Z10,FT,Z7,In,,,,,,
F,Z7,Z12,FT,Z8,In,,,,,,
DP,Z8,Z12,FT,Z12,Long,Unforced,,Yes,,,
DP,,Z12,S,Z3,In,,,,,,
F,Z3,Z12,BS,Z3,Net,Forced,,Yes,Yes,,
F,,Z12,S,Z3,Net,Unforced,,,,,
F,,Z12,S,Z3,Long,Unforced,Yes,Yes,,,
F,,Z13,S,Z5,Net,Unforced,,,,,
F,,Z13,S,Z4,IN,,,,,,
DP,Z4,Z13,BS,Z9,In,,,,,,
F,Z9,Z9,FT,Z7,In,,,,,,
DP,Z7,Z11,FS,Z13,in,,,,,,
F,Z13,Z13,FO,Z7,IN,,,,,,
DP,Z7,Z11,FS,Z13,Long,Forced,,Yes,,,
F,,Z12,S,Z3,Long,Unforced,,,,,
F,,Z12,S,Z2,In,,,,,,
DP,Z2,Z11,BT,Z13,In,,,,,,
F,Z13,Z13,FS,Z14,Long,Unforced,,Yes,,,
F,,Z13,S,Z4,In,,,,,,
DP,Z4,-,-,-,No Hit ,Forced,,Yes,,,
F,,Z12,S,Z3,Wide,Unforced,,,,,
F,,Z12,S,Z3,IN,,,,,,
DP,Z3,Z12,BT,Z9,Net,Unforced,,Yes,,,
F,,Z13,S,Z5,Long,Unforced,,,,,
F,,Z13,S,Z4,In,,,,,,
DP,Z4,Z10,FT,Z7,In,,,,,,
F,Z7,Z12,FS,Z5,In,,,,,,
DP,Z5,Z5,FT,Z11,Wide,Unforced,,Yes,Yes,,
DP,,Z12,S,Z2,IN,,,,,,
F,Z2,Z11,FT,Z10,In,,,,,,
DP,Z10,Z13,BT,Z10,IN,,,,,,
F,Z10,Z14,BS,Z10,In,,,,,,
DP,Z10,Z14,BT,Z9,In,,,,,,
F,Z9,Z13,FT,Z7,In,,,,,,
DP,Z7,Z11,FT,Z7,In,,,,,,
F,Z7,-,-,-,No Hit,Forced,,Yes,,,
F,,Z13,S,Z5,Net,Unforced,,,,,
F,,Z13,S,Z5,In,,,,,,
DP,Z5,Z10,BT,Z13,Long,Unforced,,Yes,,,
F,,Z12,S,Z3,Wide,Unforced,,,,,
F,,Z12,S,Z2,in,,,,,,
DP,Z2,Z12,FT,Z8,In,,,,,,
F,Z8,Z12,FT,Z8,In,,,,,,
DP,Z8,Z12,FT,Z10,In,,,,,,
F,Z10,Z14,BS,Z8,In,,,,,,
DP,Z8,Z12,FT,Z8,In,,,,,,
F,Z8,Z12,FT,Z8,In,,,,,,
DP,Z8,Z12,FT,Z10,In,,,,,,
F,Z10,Z14,BS,Z10,In,,,,,,
DP,Z10,Z14,FT,Z9,In,,,,,,
F,Z9,Z13,FT,Z5,In,,,,,,
DP,Z5,Z14,BS,Z10,In,,,,,,
F,Z10,Z14,FT,Z1,In,,,,,,
DP,Z1,Z11,FS,Z3,In,,,,,,
F,Z3,Z3,FO,Z10,In,,,,,,
DP,Z10,Z14,BL ,Z13,Long,Forced,,Yes,,,
DP,,Z13,S,Z5,In,,,,,,
F,Z5,Z14,BS,Z13,In,,,,,,
DP,Z13,Z13,FT,Z10,In,,,,,,
F,Z10,Z14,FT,Z13,Long,Unforced,,Yes,,,
DP,,Z12,S,Z3,Long,Unforced,,,,,
DP,,Z12,S,Z2,In,,,,,,
F,Z2,Z7,BS,Z10,In,,,,,,
DP,Z10,Z13,BT,Z10,In,,,,,,
F,Z10,Z14,BS,Z5,Net,Unforced,,Yes,,,
F,,Z13,S,Z5,Net,Unforced,,,,,
F,,Z13,S,Z5,In,,,,,,
DP,Z5,Z10,BT,Z8,In,,,,,,
F,Z8,Z13,FT,Z10,In,,,,,,
DP,Z10,Z14,BT,Z9,In,,,,,,
F,Z9,Z13,FT,Z7,In,,,,,,
DP,Z7,Z12,FT,Z12,In,,,,,,
F,Z12,Z12,FT,Z13,In,,,,,,
DP,Z13,Z13,BT,Z14,In,,,,,,
F,Z14,Z14,BS,Z5,In,,,,,,
DP,Z5,Z14,FT,Z10,In,,,,,,
F,Z10,Z14,BS,Z7,In,,,,,,
DP,Z7,Z7,FT,Z7,Net,Forced,,Yes,,,
F,,Z12,S,Z2,In,,,,,,
DP,Z2,Z11,FT,Z8,In,,,,,,
F,Z8,Z12,FT,Z11,Long,Unforced,,Yes,,,
DP,,Z13,S,Z5,Long,Unforced,,,,,
DP,,Z13,S,Z5,In,,,,,,
F,Z5,Z10,BS,Z9,In,,,,,,
DP,Z9,Z13,FT,Z12,In,,,,,,
F,Z12,-,-,-,No Hit,Forced,,Yes,,,
DP,,Z12,S,Z3,In,,,,,,
F,Z3,Z12,BS,Z5,In,,,,,,
DP,Z5,Z6,BT,Z7,In,,,,,,
F,Z7,-,-,-,No Hit,Forced,,Yes,,,
F,,Z13,S,Z4,In,,,,,,
DP,Z4,Z13,FT,Z13,In,,,,,,
F,Z13,Z13,FT,Z5,In,,,,,,
DP,Z5,Z14,BT,Z5,In,,,,,,
F,Z5,Z14,BT,Z9,In,,,,,,
DP,Z9,Z13,FT,Z11,In,,,,,,
F,Z11,Z11,FT,Z9,In,,,,,,
DP,Z9,Z13,FT,Z10,In,,,,,,
F,Z10,Z14,BS,Z4,In,,,,,,
DP,Z4,Z9,FT,Z11,In,,,,,,
F,Z11,Z11,FS,Z9,In,,,,,,
DP,Z9,Z9,FO,Z14,Long,Unforced,,Yes,,,
F,,Z12,S,Z2,In,,,,,,
DP,Z2,Z11,FT,Z14,Long,Unforced,,Yes,,,
DP,,Z13,S,Z5,Long,Unforced,,,,,
DP,,Z13,S,Z5,In,,,,,,
F,Z5,Z10,BS,Z10,In,,,,,,
DP,Z10,Z10,FT,Z10,In,,,,,,
F,Z10,-,-,-,No Hit ,Forced,,Yes,Yes,Yes,
F,,Z12,S,Z3,Long,Unforced,,,,,
F,,Z12,S,Z3,In,,,,,,
DP,Z3,Z13,BS,Z2,In,,,,,,
F,Z2,Z7,FT,Z7,in,,,,,,
DP,Z7,-,-,-,No Hit,Forced,,Yes,,,
F,,Z13,S,Z5,In,,,,,,
DP,Z5,-,-,-,No Hit,Forced,,Yes,,,
F,,Z12,S,Z3,In,,,,,,
DP,Z3,-,-,-,No Hit,Forced,,Yes,,,
F,,Z13,S,Z5,Out,Unforced,,,,,
F,,Z13,S,Z5,In,,,,,,
DP,Z5,Z10,BT,Z10,In,,,,,,
F,Z10,Z10,BS,Z8,In,,,,,,
DP,Z8,Z13,FT,Z7,In,,,,,,
F,Z7,Z11,FT,Z7,In,,,,,,
DP,Z7,Z11,FT,Z10,In,,,,,,
F,Z10,Z13,BS,Z8,In,,,,,,
DP,Z8,Z12,FT,Z7,In,,,,,,
F,Z7,Z11,FT,Z10,In,,,,,,
DP,Z10,Z14,BT,Z8,In,,,,,,
F,Z8,Z12,FT,Z2,In,,,,,,
DP,Z2,Z11,FT,Z13,Long,Unforced,,Yes,Yes,,
DP,,Z12,S,Z3,In,,,,,,
F,Z3,Z12,BS,Z13,Long,Forced,,Yes,,,
DP,,Z13,S,Z4,Long,Unforced,,,,,
DP,,Z13,S,Z5,In,,,,,,
F,Z5,Z10,BT,Z9,In,,,,,,
DP,Z9,Z13,FT,Z7,In,,,,,,
F,Z7,Z11,FS,Z9,In,,,,,,
DP,Z9,Z13,FT,Z10,In,,,,,,
F,Z10,Z14,BS,Z9,In,,,,,,
DP,Z9,Z13,FT,Z8,In,,,,,,
F,Z8,Z12,FT,Z8,In,,,,,,
DP,Z8,Z11,FT,Z10,In,,,,,,
F,Z10,Z14,BS,Z14,Long,Unforced,,Yes,,,
DP,,Z12,S,Z3,Net,Unforced,,,,,
DP,,Z12,S,Z3,In,,,,,,
F,Z3,Z12,BS,Z9,Long,Forced,,Yes,,,
DP,,Z13,S,Z4,In,,,,,,
F,Z4,Z13,FT,Z5,Net,Unforced,,Yes,Yes,,
F,,Z12,S,Z3,In,,,,,,
DP,Z3,-,-,-,No Hit,Forced,,Yes,,,
F,,Z13,S,Z5,Net,Unforced,,,,,
F,,Z13,S,Z5,In,,,,,,
DP,Z5,Z10,BT,Z10,In,,,,,,
F,Z10,Z10,BS,Z9,Net,Unforced,,Yes,,,
F,,Z12,S,Z3,Long,Unforced,,,,,
F,,Z12,S,Z2,In,,,,,,
DP,Z2,Z11,FT,Z7,Wide,Forced,,Yes,,,
F,,Z13,S,Z5,Long,Unforced,,,,,
F,,Z13,S,Z5,In,,,,,,
DP,Z5,Z14,BS,Z5,In,,,,,,
F,Z5,Z10,BS,Z5,Net,Unforced,,Yes,,,
F,,Z12,S,Z2,In,,,,,,
DP,Z2,Z11,FT,Z9,In,,,,,,
F,Z9,Z12,FT,Z9,In,,,,,,
DP,Z9,Z13,BT,Z2,In,,,,,,
F,Z2,-,-,-,No Hit,Forced,,Yes,,,
F,,Z13,S,Z4,In,,,,,,
DP,Z4,Z13,FT,Z9,In,,,,,,
F,Z9,Z13,FT,Z8,In,,,,,,
DP,Z8,Z12,FT,Z10,Wide,Unforced,,Yes,,,
F,,Z12,S,Z2,In,,,,,,
DP,Z2,Z11,BT,Z10,In,,,,,,
F,Z10,Z10,BS,Z10,In,,,,,,
DP,Z10,Z14,BT,Z5,In,,,,,,
F,Z5,Z14,BS,Z9,In,,,,,,
DP,Z9,Z14,BT,Z11,Long,Unforced,,Yes,,,
F,,Z13,S,Z5,In,,,,,,
DP,Z5,Z14,BS,Z5,In,,,,,,
F,Z5,Z5,FO,Z10,In,,,,,,
DP,Z10,-,-,-,No Hit,Forced,,Yes,Yes,,
DP,,Z12,S,Z2,In,,,,,,
F,Z2,Z11,FT,Z5,Net,Forced,,Yes,,,
DP,,Z13,S,Z5,In,,,,,,
F,Z5,Z14,BS,Z9,In,,,,,,
DP,Z9,Z13,FT,Z13,In,,,,,,
F,Z13,Z13,BS,Z4,In,,,,,,
DP,Z5,Z14,FT,Z9,In,,,,,,
F,Z9,Z14,BS,Z7,In,,,,,,
DP,Z7,-,-,-,No Hit,Forced,,Yes,,,
DP,,Z12,S,Z3,Wide,Unforced,,,,,
DP,,Z12,S,Z2,In,,,,,,
F,Z2,Z12,FT,Z2,In,,,,,,
DP,Z2,Z11,FT,Z5,In,,,,,,
F,Z5,Z14,BS,Z10,In,,,,,,
DP,Z10,Z10,BT,Z10,In,,,,,,
F,Z10,Z14,BS,Z5,In,,,,,,
DP,Z5,Z14,BT,Z9,In,,,,,,
F,Z9,Z13,FT,Z10,Wide,Unforced,,Yes,,,
DP,,Z13,S,Z4,In,,,,,,
F,Z4,Z13,FT,Z9,In,,,,,,
DP,Z9,Z13,FT,Z12,In,,,,,,
F,Z12,Z12,FT,Z9,In,,,,,,
DP,Z9,Z13,BT,Z9,In,,,,,,
F,Z9,Z13,FT,Z8,In,,,,,,
DP,Z8,Z12,FT,Z2,In,,,,,,
F,Z2,Z11,FT,Z8,In,,,,,,
DP,Z8,Z11,FT,Z9,In,,,,,,
F,Z9,Z13,BS,Z3,Net,Unforced,,Yes,,,
DP,,Z12,S,Z3,In,,,,,,
F,Z3,Z12,BS,Z8,In,,,,,,
DP,Z8,Z12,FT,Z7,In,,,,,,
F,Z7,Z11,FS,Z13,Long,Forced,,Yes,Yes,,
F,,Z12,S,Z2,In,,,,,,
DP,Z2,Z11,FT,Z10,In,,,,,,
F,Z10,Z13,BS,Z9,In,,,,,,
DP,Z9,Z13,BT,Z8,In,,,,,,
F,Z8,Z12,FT,Z12,Long,Unforced,,Yes,,,
F,,Z13,S,Z5,Net,Unforced,,,,,
F,,Z13,S,Z4,In,,,,,,
DP,Z4,Z13,FT,Z4,Net,Forced,,Yes,,,
F,,Z12,S,Z3,Net,Unforced,,,,,
F,,Z12,S,Z2,In,,,,,,
DP,Z2,Z11,FT,Z8,In,,,,,,
F,Z8,Z12,FT,Z8,In,,,,,,
DP,Z8,Z12,FT,Z12,Long,Unforced,,Yes,,,
F,,Z13,S,Z4,Long,Unforced,,,,,
F,,Z13,S,Z5,In,,,,,,
DP,Z5,Z10,BT,Z9,In,,,,,,
F,Z9,Z13,FT,Z7,In,,,,,,
DP,Z7,-,-,-,No Hit,Forced,,Yes,,,
F,,Z12,S,Z2,In,,,,,,
DP,Z2,Z11,FT,Z4,Net,Forced,,Yes,Yes,,
DP,,Z12,S,Z2,In,,,,,,
F,Z2,Z11,FS,Z13,Long,Forced,,Yes,,,
DP,,Z13,S,Z4,In,,,,,,
F,Z4,Z13,FT,Z9,In,,,,,,
DP,Z9,Z13,FT,Z10,In,,,,,,
F,Z10,Z14,BS,Z8,In,,,,,,
DP,Z8,Z12,FT,Z7,In,,,,,,
F,Z7,Z7,FS,Z13,Long,Forced,,Yes,,,
DP,,Z12,S,Z2,In,,,,,,
F,Z2,Z11,FS,Z8,In,,,,,,
DP,Z8,Z8,FT,Z8,In,,,,,,
F,Z8,Z12,FT,Z12,In,,,,,,
DP,Z12,Z12,FT,Z8,In,,,,,,
F,Z8,Z12,FT,Z10,Net,Unforced,,Yes,,,
DP,,Z13,S,Z5,Out,Unforced,,,,,
DP,,Z13,S,Z5,In,,,,,,
F,Z5,Z14,BS,Z5,Net,Unforced,,Yes,Yes,,
F,,Z12,S,Z2,In,,,,,,
DP,Z2,Z11,FT,Z8,In,,,,,,
F,Z8,Z12,FT,Z10,In,,,,,,
DP,Z10,-,-,-,No Hit,Forced,,Yes,,,
F,,Z13,S,Z5,In,,,,,,
DP,Z5,Z14,BS,Z4,In,,,,,,
F,Z4,Z9,FT,Z10,In,,,,,,
DP,Z9,-,-,-,No Hit,Forced,,Yes,,,
F,,Z12,S,Z3,Long,Unforced,,,,,
F,,Z12,S,Z3,In,,,,,,
DP,Z3,Z12,BT,Z4,In,,,,,,
F,Z4,Z13,BT,Z3,Net,Unforced,,Yes,,,
F,,Z13,S,Z5,Long,Unforced,,,,,
F,,Z13,S,Z5,In,,,,,,
DP,Z5,Z10,BT,Z9,In,,,,,,
F,Z9,Z13,FT,Z9,In,,,,,,
DP,Z9,Z13,FT,Z10,In,,,,,,
F,Z10,Z14,BT,Z9,In,,,,,,
DP,Z9,Z13,FT,Z10,In,,,,,,
F,Z10,Z14,BS,Z4,In,,,,,,
DP,Z4,Z13,FT,Z7,In,,,,,,
F,Z7,Z11,FT,Z12,Long,Forced,,Yes,,,
F,,Z12,S,Z3,Net,Unforced,,,,,
F,,Z12,S,Z2,In,,,,,,
DP,Z2,Z11,FT,Z8,In,,,,,,
F,Z8,Z12,FT,Z2,Wide,Unforced,,Yes,,,
F,,Z13,S,Z4,In,,,,,,
DP,Z4,Z13,FT,Z10,In,,,,,,
F,Z10,Z10,BT,Z9,In,,,,,,
DP,Z9,Z13,BT,Z5,In,,,,,,
F,Z5,Z10,BS,Z8,In,,,,,,
DP,Z8,Z12,FT,Z7,In,,,,,,
F,Z7,Z11,FT,Z12,Long,Unforced,,Yes,Yes,,
DP,,Z12,S,Z2,In,,,,,,
F,Z2,Z11,FT,Z8,In,,,,,,
DP,Z8,Z12,FT,Z5,Wide,Unforced,,Yes,,,
DP,,Z13,S,Z5,In,,,,,,
F,Z5,Z14,BS,Z9,In,,,,,,
DP,Z9,Z13,FT,Z8,In,,,,,,
F,Z8,Z12,FT,Z9,In,,,,,,
DP,Z9,Z13,FT,Z11,In,,,,,,
F,Z11,Z11,FT,Z10,In,,,,,,
DP,Z10,Z14,FT,Z10,In,,,,,,
F,Z10,Z14,BS,Z8,In,,,,,,
DP,Z8,Z12,FT,Z10,In,,,,,,
F,Z10,Z14,BS,Z10,In,,,,,,
DP,Z10,Z14,BT,Z9,In,,,,,,
F,Z9,Z13,BS,Z8,In,,,,,,
DP,Z8,Z11,FT,Z5,In,,,,,,
F,Z5,Z13,BS,Z10,In,,,,,,
DP,Z10,-,-,-,No Hit,Forced,,Yes,,,
DP,,Z12,S,Z3,Long,Unforced,,,,,
DP,,Z12,S,Z3,In,,,,,,
F,Z3,Z12,FT,Z8,In,,,,,,
DP,Z8,Z12,FT,Z7,In,,,,,,
F,Z7,Z11,FT,Z8,In,,,,,,
DP,Z8,Z12,FT,Z13,Long,Unforced,,Yes,,,
DP,,Z13,S,Z5,Net,Unforced,,,,,
DP,,Z13,S,Z5,In,,,,,,
F,Z5,Z14,BS,Z10,In,,,,,,
DP,Z10,Z14,BT,Z10,In,,,,,,
F,Z10,Z14,BS,Z3,Net,Unforced,,Yes,,,
DP,,Z12,S,Z3,Out,Unforced,,,,,
DP,,Z12,S,Z3,In,,,,,,
F,Z3,Z12,FT,Z3,In,,,,,,
DP,Z3,Z12,FT,Z7,In,,,,,,
F,Z7,Z11,FT,Z2,In,,,,,,
DP,Z2,Z11,FT,Z10,In,,,,,,
F,Z10,Z14,BS,Z10,In,,,,,,
DP,Z10,Z14,BS,Z5,In,,,,,,
F,Z5,Z10,BS,Z10,In,,,,,,
DP,Z10,Z14,BT,Z9,In,,,,,,
F,Z9,Z13,FT,Z9,In,,,,,,
DP,Z9,Z14,BT,Z9,In,,,,,,
F,Z9,Z13,FT,Z8,In,,,,,,
DP,Z8,Z12,FT,Z11,In,,,,,,
F,Z11,Z11,FS,Z9,In,,,,,,
DP,Z9,Z13,FT,Z10,In,,,,,,
F,Z10,Z14,BT,Z9,In,,,,,,
DP,Z9,Z13,FT,Z8,In,,,,,,
F,Z8,Z12,FT,Z12,Long,Forced,,Yes,,,
DP,,Z13,S,Z5,In,,,,,,
F,Z5,Z14,BS,Z13,In,,,,,,
DP,Z13,Z13,FT,Z8,In,,,,,,
F,Z8,Z12,FT,Z8,In,,,,,,
DP,Z8,Z12,FT,Z4,In,,,,,,
F,Z4,Z9,FT,Z10,In,,,,,,
DP,Z10,Z14,BT,Z14,Long,Forced,,Yes,Yes,,
F,,Z12,S,Z2,In,,,,,,
DP,Z2,-,-,-,No Hit,Forced,,Yes,,,
F,,Z13,S,Z4,In,,,,,,
DP,Z4,Z13,FS,Z14,Long,Forced,,Yes,,,
F,,Z12,S,Z3,Out,Unforced,,,,,
F,,Z12,S,Z3,In,,,,,,
DP,Z3,Z12,BT,Z13,In,,,,,,
F,Z13,Z13,FT,Z13,Long,Forced,,Yes,,,
F,,Z13,S,Z4,In,,,,,,
DP,Z4,Z13,FT,Z10,In,,,,,,
F,Z10,Z10,BS,Z9,In,,,,,,
DP,Z9,Z9,FT,Z7,In,,,,,,
F,Z7,Z11,FT,Z7,In,,,,,,
DP,Z7,Z11,FT,Z5,In,,,,,,
F,Z5,Z14,BT,Z5,In,,,,,,
DP,Z5,Z14,BT,Z14,In,,,,,,
F,Z14,Z14,BS,Z8,In,,,,,,
DP,Z8,Z12,FT,Z11,In,,,,,,
F,Z11,Z11,FS,Z4,Net,Forced,,Yes,,,
F,,Z12,S,Z2,In,,,,,,
DP,Z2,Z11,FT,Z7,In,,,,,,
F,Z7,Z11,FT,Z2,In,,,,,,
DP,Z2,Z11,FT,Z13,In,,,,,,
F,Z13,Z13,BS,Z2,Net,Forced,,Yes,,,
F,,Z13,S,Z4,In,,,,,,
DP,Z4,Z13,FT,Z10,Wide,Forced,,Yes,,,
F,,Z12,S,Z3,In,,,,,,
DP,Z3,Z12,BS,Z4,Net,Forced,,Yes,,,
F,,Z13,S,Z4,Wide,Unforced,,,,,
F,,Z13,S,Z5,In,,,,,,
DP,Z5,Z10,BT,Z10,Wide,Forced,,Yes,Yes,,
DP,,Z12,S,Z2,In,,,,,,
F,Z2,Z11,FS,Z9,In,,,,,,
DP,Z9,Z13,BT,Z10,In,,,,,,
F,Z10,Z14,BS,Z2,In,,,,,,
DP,Z2,Z8,FT,Z7,In,,,,,,
F,Z7,Z11,FL,Z2,In,,,,,,
DP,Z2,Z2,FO,Z9,Net,Unforced,,Yes,,,
DP,,Z13,S,Z4,In,,,,,,
F,Z4,Z13,FT,Z9,In,,,,,,
DP,Z9,Z13,FT,Z10,In,,,,,,
F,Z10,Z14,BS,Z9,In,,,,,,
DP,Z9,Z13,FT,Z10,In,,,,,,
F,Z10,Z14,BS,Z10,In,,,,,,
DP,Z10,Z10,BT,Z9,In,,,,,,
F,Z9,Z13,BT,Z9,In,,,,,,
DP,Z9,Z13,FT,Z11,In,,,,,,
F,Z11,Z11,FS,Z8,In,,,,,,
DP,Z8,Z12,FT,Z9,In,,,,,,
F,Z9,Z13,BT,Z10,In,,,,,,
DP,Z10,Z14,BT,Z7,In,,,,,,
F,Z7,Z12,FT,Z11,In,,,,,,
DP,Z11,Z11,FS,Z3,In,,,,,,
F,Z3,Z8,FV,Z15,In,,,,,,
DP,Z15,-,-,-,No Hit,Forced,,Yes,,,
DP,,Z12,S,Z3,Net,Unforced,,,,,
DP,,Z12,S,Z3,In,,,,,,
F,Z3,Z12,BS,Z9,In,,,,,,
DP,Z9,Z13,FT,Z10,In,,,,,,
F,Z10,Z14,BS,Z8,In,,,,,,
DP,Z8,Z12,FT,Z7,In,,,,,,
F,Z7,-,-,-,No Hit,Forced,,Yes,,,
DP,,Z13,S,Z4,In,,,,,,
F,Z4,Z13,FS,Z10,Wide,Forced,,Yes,,,
DP,,Z12,S,Z2,Wide,Unforced,,,,,
DP,,Z12,S,Z3,Net,Unforced,Yes,Yes,,,
DP,,Z13,S,Z5,Long,Unforced,,,,,
DP,,Z13,S,Z5,Long,Unforced,Yes,Yes,Yes,Yes,
F,,Z12,S,Z2,Long,Unforced,,,,,
F,,Z13,S,Z2,In,,,,,,
DP,Z2,Z11,FT,Z3,In,,,,,,
F,Z3,Z12,FT,Z10,In,,,,,,
DP,Z10,Z14,FT,Z9,In,,,,,,
F,Z9,Z13,FT,Z8,In,,,,,,
DP,Z8,Z12,FT,Z7,In,,,,,,
F,Z7,Z11,FT,Z8,Net,Unforced,,Yes,,,
F,,Z13,S,Z5,In,,,,,,
DP,Z5,Z14,BT,Z5,In,,,,,,
F,Z5,Z10,BT,Z13,In,,,,,,
DP,Z13,Z13,FS,Z7,Wide,Unforced,,Yes,,,
F,,Z12,S,Z2,In,,,,,,
DP,Z2,Z11,FS,Z9,Net,Forced,,Yes,,,
F,,Z13,S,Z4,In,,,,,,
DP,Z4,Z13,FT,Z10,In,,,,,,
F,Z10,Z14,BS,Z5,In,,,,,,
DP,Z5,Z10,BT,Z7,In,,,,,,
F,Z7,Z11,FT,Z2,In,,,,,,
DP,Z2,Z7,FT,Z7,In,,,,,,
F,Z7,Z11,FS,Z5,Net,Forced,,Yes,,,
F,,Z12,S,Z2,In,,,,,,
DP,Z2,Z11,FT,Z12,In,,,,,,
F,Z12,Z12,FT,Z4,In,,,,,,
DP,Z4,Z9,BT,Z8,In,,,,,,
F,Z8,Z12,FT,Z2,In,,,,,,
DP,Z2,Z2,FV,Z14,Long,Unforced,,Yes,,,
F,,Z13,S,Z5,In,,,,,,
DP,Z5,-,-,-,No Hit,Forced,,Yes,Yes,,
DP,,Z12,S,Z3,Long,Unforced,,,,,
DP,,Z12,S,Z3,In,,,,,,
F,Z3,Z12,BS,Z3,In,,,,,,
DP,Z3,Z8,FT,Z7,In,,,,,,
F,Z7,Z11,FT,Z7,In,,,,,,
DP,Z7,Z11,FT,Z10,In,,,,,,
F,Z10,Z14,BS,Z10,In,,,,,,
DP,Z10,Z14,BS,Z9,Net,Forced,,Yes,,,
DP,,Z13,S,Z5,In,,,,,,
F,Z5,Z14,BS,Z4,In,,,,,,
DP,Z4,Z10,BS,Z2,In,,,,,,
F,Z2,Z2,FS,Z2,Wide,Forced,,Yes,,,
DP,,Z12,S,Z3,In,,,,,,
F,Z3,Z12,BS,Z5,In,,,,,,
DP,Z5,Z10,BT,Z10,In,,,,,,
F,Z10,Z14,BS,Z7,In,,,,,,
DP,Z7,Z12,FT,Z9,In,,,,,,
F,Z9,Z13,BS,Z9,In,,,,,,
DP,Z9,Z13,FT,Z5,In,,,,,,
F,Z5,Z14,BS,Z5,In,,,,,,
DP,Z5,Z10,BT,Z7,In,,,,,,
F,Z7,Z11,FT,Z10,In,,,,,,
DP,Z10,Z14,BS,Z5,In,,,,,,
F,Z5,Z5,BS,Z14,In,,,,,,
DP,Z14,Z14,BS,Z6,Wide,Forced,,Yes,,,
DP,,Z13,S,Z5,In,,,,,,
F,Z5,Z14,BS,Z9,In,,,,,,
DP,Z9,Z13,FT,Z7,Wide,Unforced,,Yes,,,
DP,,Z12,S,Z2,In,,,,,,
F,Z2,Z11,FS,Z5,In,,,,,,
DP,Z5,Z4,FT,Z7,In,,,,,,
F,Z7,-,-,-,No Hit,Forced,,Yes,,,
DP,,Z13,S,Z4,In,,,,,,
F,Z4,Z13,FS,Z9,In,,,,,,
DP,Z9,Z9,FT,Z10,In,,,,,,
F,Z10,-,-,-,No Hit,Forced,,Yes,,,
DP,,Z12,S,Z2,Net,Unforced,,,,,
DP,,Z12,S,Z3,In,,,,,,
F,Z3,Z9,BS,Z9,In,,,,,,
DP,Z9,Z13,FT,Z9,In,,,,,,
F,Z9,Z13,FT,Z7,Wide,Forced,,Yes,,,
DP,,Z13,S,Z5,Net,Unforced,,,,,
DP,,Z13,S,Z5,In,,,,,,
F,Z5,Z10,BS,Z10,In,,,,,,
DP,Z10,Z14,BT,Z10,In,,,,,,
F,Z10,Z14,BT,Z7,In,,,,,,
DP,Z7,Z11,FT,Z7,In,,,,,,
F,Z7,Z11,FT,Z7,In,,,,,,
DP,Z7,Z11,FT,Z9,In,,,,,,
F,Z9,Z13,BS,Z2,In,,,,,,
DP,Z2,Z11,FT,Z8,In,,,,,,
F,Z8,Z12,FT,Z9,In,,,,,,
DP,Z9,Z12,FT,Z9,In,,,,,,
F,Z9,Z13,FT,Z7,In,,,,,,
DP,Z7,Z11,FT,Z7,In,,,,,,
F,Z7,-,-,-,No Hit,Forced,,Yes,Yes,,
F,,Z12,S,Z3,Net,Unforced,,,,,
F,,Z12,S,Z2,In,,,,,,
DP,Z2,Z11,FT,Z12,Long,Unforced,,Yes,,,
F,,Z13,S,Z5,In,,,,,,
DP,Z5,Z14,BS,Z4,Net,Forced,,Yes,,,
F,,Z12,S,Z3,Let,Unforced,,,,,
F,,Z12,S,Z2,Long,Unforced,,,,,
F,,Z12,S,Z3,In,,,,,,
DP,Z3,Z12,BT,Z8,In,,,,,,
F,Z8,Z12,FT,Z7,In,,,,,,
DP,Z7,Z11,FL,Z19,In,,,,,,
F,Z19,Z1,FO,Z10,In,,,,,,
DP,Z10,-,-,-,No Hit,Forced,,Yes,,,
F,,Z13,S,Z4,In,,,,,,
DP,Z4,Z13,FT,Z9,In,,,,,,
F,Z9,Z13,FT,Z7,In,,,,,,
DP,Z7,Z11,FT,Z7,In,,,,,,
F,Z7,-,-,-,No Hit,Forced,,Yes,,,
F,,Z12,S,Z3,Long,Unforced,,,,,
F,,Z12,S,Z3,In,,,,,,
DP,Z3,Z12,BS,Z8,In,,,,,,
F,Z8,Z12,FT,Z7,In,,,,,,
DP,Z7,Z11,FT,Z7,Long,Forced,,Yes,Yes,,
DP,,Z12,S,Z3,Net,Unforced,,,,,
DP,,Z12,S,Z3,In,,,,,,
F,Z3,Z12,BT,Z4,In,,,,,,
DP,Z4,Z13,BT,Z10,In,,,,,,
F,Z10,Z14,BS,Z5,In,,,,,,
DP,Z5,Z14,BT,Z5,In,,,,,,
F,Z5,Z14,BS,Z5,Net,Unforced,,Yes,,,
DP,,Z13,S,Z4,Let,Unforced,,,,,
DP,,Z13,S,Z5,In,,,,,,
F,Z5,Z14,BS,Z8,In,,,,,,
DP,Z8,Z12,FT,Z7,In,,,,,,
F,Z7,Z11,FT,Z8,In,,,,,,
DP,Z8,Z12,FT,Z9,In,,,,,,
F,Z9,Z13,BT,Z4,In,,,,,,
DP,Z4,Z10,BT,Z10,In,,,,,,
F,Z10,Z14,BS,Z5,In,,,,,,
DP,Z5,Z14,BT,Z14,In,,,,,,
F,Z14,Z14,BS,Z9,In,,,,,,
DP,Z9,Z13,FT,Z4,In,,,,,,
F,Z4,Z13,BS,Z2,Net,Unforced,,Yes,,,
DP,,Z12,S,Z3,In,,,,,,
F,Z3,Z12,BS,Z6,In,,,,,,
DP,Z6,Z6,BS,Z5,Net,Forced,,Yes,,,
DP,,Z13,S,Z4,In,,,,,,
F,Z4,Z13,FS,Z8,In,,,,,,
DP,Z8,Z13,FT,Z12,Long,Forced,,Yes,,,
DP,,Z12,S,Z2,Long,Unforced,,,,,
DP,,Z12,S,Z3,In,,,,,,
F,Z2,Z12,BT,Z7,In,,,,,,
DP,Z7,Z11,FT,Z7,In,,,,,,
F,Z7,Z11,FT,Z9,In,,,,,,
DP,Z9,Z13,BT,Z8,Net,Unforced,,Yes,,,
DP,,Z13,S,Z4,Long,Unforced,,,,,
DP,,Z13,S,Z5,In,,,,,,
F,Z5,Z14,FT,Z7,In,,,,,,
DP,Z7,Z11,FT,Z7,In,,,,,,
F,Z7,-,-,-,No Hit,Forced,,Yes,,,
DP,,Z12,S,Z2,In,,,,,,
F,Z2,Z11,BS,Z5,In,,,,,,
DP,Z5,Z10,BS,Z10,In,,,,,,
F,Z10,Z10,BT,Z9,In,,,,,,
DP,Z9,Z10,BT,Z10,in,,,,,,
F,Z10,Z14,BS,Z10,Wide,Unforced,,Yes,,,
DP,,Z13,S,Z5,In,,,,,,
F,Z5,Z13,BS,Z4,Net,Forced,,Yes,Yes,,
F,,Z12,S,Z3,Net,Unforced,,,,,
F,,Z12,S,Z3,In,,,,,,
DP,Z3,Z12,BT,Z4,In,,,,,,
F,Z4,Z12,FT,Z8,In,,,,,,
DP,Z8,Z12,FT,Z9,In,,,,,,
F,Z9,Z13,FT,Z10,In,,,,,,
DP,Z10,Z14,BS,Z2,In,,,,,,
F,Z2,Z7,FT,Z8,In,,,,,,
DP,Z7,Z11,FT,Z14,In,,,,,,
F,Z14,-,-,-,No HIt,Forced,,Yes,,,
F,,Z13,S,Z5,Long,Unforced,,,,,
F,,Z13,S,Z5,In,,,,,,
DP,Z5,Z10,BT,Z9,In,,,,,,
F,Z9,Z13,BT,Z4,In,,,,,,
DP,Z4,Z13,FT,Z9,In,,,,,,
F,Z9,Z13,BT,Z9,In,,,,,,
DP,Z9,Z13,FT,Z7,In,,,,,,
F,Z7,Z11,FS,Z10,Wide,Forced,,Yes,,,
F,,Z12,S,Z3,In,,,,,,
DP,Z3,Z12,BT,Z7,In,,,,,,
F,Z7,Z11,FT,Z5,In,,,,,,
DP,Z5,Z13,BT,Z9,In,,,,,,
F,Z9,Z13,BS,Z10,Wide,Unforced,,Yes,,,
F,,Z13,S,Z5,Net,Unforced,,,,,
F,,Z13,S,Z5,In,,,,,,
DP,Z5,Z10,BT,Z5,In,,,,,,
F,Z5,Z10,BS,Z5,In,,,,,,
DP,Z5,Z14,BT,Z9,In,,,,,,
F,Z9,Z13,FT,Z14,Out,Forced,,Yes,,,
DP,,Z12,S,Z3,In,,,,,,
F,Z3,Z12,BS,Z9,In,,,,,,
DP,Z9,Z12,FT,Z5,In,,,,,,
F,Z5,Z14,BS,Z9,In,,,,,,
DP,Z9,Z13,BT,Z5,In,,,,,,
F,Z5,Z14,BS,Z10,In,,,,,,
DP,Z10,Z14,BT,Z8,In,,,,,,
F,Z8,Z12,FT,Z8,In,,,,,,
DP,Z8,Z11,FT,Z12,In,,,,,,
F,Z12,Z12,FT,Z9,In,,,,,,
DP,Z9,Z13,BT,Z9,In,,,,,,
F,Z9,Z13,BS,Z7,In,,,,,,
DP,Z7,Z12,FT,Z10,In,,,,,,
F,Z10,Z14,BS,Z5,In,,,,,,
DP,Z5,Z14,BT,Z9,In,,,,,,
F,Z9,Z14,BS,Z2,In,,,,,,
DP,Z2,Z11,FT,Z7,In,,,,,,
F,Z7,Z7,FT,Z10,In,,,,,,
DP,Z10,Z14,BS,Z2,In,,,,,,
F,Z2,Z2,FV,Z3,In,,,,,,
DP,Z3,Z2,FV,Z14,In,,,,,,
F,Z14,-,-,-,No HIt,Forced,,Yes,,,
DP,,Z13,S,Z5,In,,,,,,
F,Z5,Z14,BS,Z4,In,,,,,,
DP,Z4,Z9,BT,Z10,In,,,,,,
F,Z10,Z14,BS,Z4,Net,Forced,,Yes,,,
DP,,Z12,S,Z2,In,,,,,,
F,Z2,Z11,BS,Z8,In,,,,,,
DP,Z8,Z12,FT,Z7,In,,,,,,
F,Z7,-,-,-,No Hit,Forced,,Yes,,,
DP,,Z13,S,Z5,In,,,,,,
F,Z5,Z14,BS,Z10,In,,,,,,
DP,Z10,Z10,BS,Z9,In,,,,,,
F,Z9,Z13,FT,Z10,In,,,,,,
DP,Z10,Z14,BT,Z13,In,,,,,,
F,Z13,Z13,BS,Z4,In,,,,,,
DP,Z4,Z13,BT,Z10,In,,,,,,
F,Z10,Z14,BS,Z8,In,,,,,,
DP,Z8,Z13,FT,Z7,Net,Unforced,,Yes,,,
DP,,Z12,S,Z3,In,,,,,,
F,Z3,Z12,BS,Z4,In,,,,,,
DP,Z4,Z9,BT,Z9,In,,,,,,
F,Z9,Z13,FT,Z10,In,,,,,,
DP,Z10,Z14,BT,Z14,In,,,,,,
F,Z14,Z14,BS,Z13,In,,,,,,
DP,Z13,Z13,FT,Z8,In,,,,,,
F,Z8,-,-,-,No Hit,Forced,,Yes,Yes,,
F,,Z12,S,Z2,In,,,,,,
DP,Z2,Z11,FT,Z3,Net,Forced,,Yes,,,
F,,Z13,S,Z5,Net,Unforced,,,,,
F,,Z13,S,Z5,In,,,,,,
DP,Z5,Z10,BT,Z13,In,,,,,,
F,Z13,Z13,BT,Z7,In,,,,,,
DP,Z7,-,-,-,No Hit,Forced,,Yes,,,
F,,Z12,S,Z3,In,,,,,,
DP,Z3,-,-,-,No Hit,Forced,,Yes,,,
F,,Z13,S,Z5,Long,Unforced,,,,,
F,,Z13,S,Z5,In,,,,,,
DP,Z5,Z10,BT,Z10,In,,,,,,
F,Z10,Z10,BS,Z10,In,,,,,,
DP,Z10,Z10,BS,Z10,In,,,,,,
F,Z10,Z14,BS,Z5,In,,,,,,
DP,Z5,Z14,BT,Z11,In,,,,,,
F,Z11,Z11,FS,Z9,In,,,,,,
DP,Z9,Z13,FT,Z10,In,,,,,,
F,Z10,Z14,BS,Z7,In,,,,,,
DP,Z7,Z11,FT,Z7,In,,,,,,
F,Z7,Z11,FL,Z11,Long,Unforced,,Yes,,,
F,,Z12,S,Z2,In,,,,,,
DP,Z2,Z7,FT,Z13,In,,,,,,
F,Z13,Z13,BS,Z12,Long,Forced,,Yes,,,
F,,Z13,S,Z5,Net,Unforced,,,,,
F,,Z13,S,Z4,In,,,,,,
DP,Z4,Z13,BS,Z4,In,,,,,,
F,Z4,Z9,FT,Z10,In,,,,,,
DP,Z10,-,-,-,No HIt,Forced,,Yes,Yes,,
DP,,Z12,S,Z3,In,,,,,,
F,Z3,Z12,BS,Z8,In,,,,,,
DP,Z8,Z8,FT,Z7,In,,,,,,
F,Z7,Z11,FS,Z8,Net,Forced,,Yes,,,
DP,,Z13,S,Z5,In,,,,,,
F,Z5,Z14,BS,Z5,In,,,,,,
DP,Z5,Z10,BT,Z14,In,,,,,,
F,Z14,Z14,FS,Z18,In,,,,,,
DP,Z18,Z1,FO,Z10,In,,,,,,
F,Z10,-,-,-,No Hit,Forced,,Yes,,,
DP,,Z12,S,Z2,In,,,,,,
F,Z2,Z11,FS,Z8,In,,,,,,
DP,Z8,Z12,FT,Z9,In,,,,,,
F,Z9,Z13,BS,Z14,In,,,,,,
DP,Z14,Z14,BS,Z4,Net,Forced,,Yes,,,
DP,,Z13,S,Z4,Wide,Unforced,,,,,
DP,,Z13,S,Z5,In,,,,,,
F,Z5,Z10,BS,Z10,In,,,,,,
DP,Z10,Z10,BT,Z10,In,,,,,,
F,Z10,Z14,BS,Z10,In,,,,,,
DP,Z10,Z14,BT,Z9,in,,,,,,
F,Z9,Z13,FT,Z7,In,,,,,,
DP,Z7,Z11,FT,Z8,Net,Forced,,Yes,,,
DP,,Z12,S,Z3,In,,,,,,
F,Z3,Z12,BS,Z13,In,,,,,,
DP,Z13,Z13,FT,Z10,In,,,,,,
F,Z10,Z14,BS,Z10,In,,,,,,
DP,Z10,Z10,FT,Z10,In,,,,,,
F,Z10,Z14,BT,Z8,In,,,,,,
DP,Z8,Z8,FS,Z9,In,,,,,,
F,Z9,Z9,FT,Z7,In,,,,,,
DP,Z7,Z11,FS,Z5,In,,,,,,
F,Z5,Z5,BV,Z9,In,,,,,,
DP,Z9,-,-,-,No HIt,Forced,,Yes,,,
DP,,Z13,S,Z4,Long,Unforced,,,,,
DP,,Z13,S,Z5,In,,,,,,
F,Z5,Z10,BS,Z10,In,,,,,,
DP,Z10,Z14,FT,Z10,In,,,,,,
F,Z10,Z14,BS,Z10,In,,,,,,
DP,Z10,Z14,FT,Z7,In,,,,,,
F,Z7,Z11,FT,Z2,In,,,,,,
DP,Z2,Z11,FT,Z10,In,,,,,,
F,Z10,Z14,BS,Z8,In,,,,,,
DP,Z8,Z12,FT,Z8,In,,,,,,
F,Z8,Z12,FT,Z8,In,,,,,,
DP,Z8,Z12,FT,Z5,In,,,,,,
F,Z5,Z14,BS,Z5,In,,,,,,
DP,Z5,Z14,BT,Z11,In,,,,,,
F,Z11,Z11,FS,Z8,In,,,,,,
DP,Z8,Z12,FT,Z10,Net,Forced,,Yes,Yes,,
F,,Z12,S,Z2,In,,,,,,
DP,Z2,Z11,FT,Z12,Long,Forced,,Yes,,,
F,,Z13,S,Z4,In,,,,,,
DP,Z4,Z13,FS,Z3,In,,,,,,
F,Z3,Z3,FV,Z5,In,,,,,,
DP,Z5,Z10,BT,Z16,In,,,,,,
F,Z16,Z5,BV,Z7,In,,,,,,
DP,Z7,-,-,-,No Hit,Forced,,Yes,,,
F,,Z12,S,Z2,In,,,,,,
DP,Z2,Z11,FT,Z3,In,,,,,,
F,Z3,Z3,FV,Z13,Long,Forced,,Yes,,,
F,,Z13,S,Z5,Out,Unforced,,,,,
F,,Z13,S,Z4,In,,,,,,
DP,Z4,Z13,FT,Z7,Long,Forced,,Yes,,,
F,,Z12,S,Z3,Wide,Unforced,,,,,
F,,Z12,S,Z2,In,,,,,,
DP,Z2,Z11,FT,Z8,In,,,,,,
F,Z8,Z12,FT,Z8,In,,,,,,
DP,Z8,Z12,FT,Z10,In,,,,,,
F,Z10,Z14,BS,Z10,In,,,,,,
DP,Z10,Z10,BS,Z7,In,,,,,,
F,Z7,Z11,FT,Z2,In,,,,,,
DP,Z2,Z11,FS,Z5,In,,,,,,
F,Z5,Z9,BS,Z10,In,,,,,,
DP,Z10,-,-,-,No HIt,Forced,,Yes,Yes,,
DP,,Z12,S,Z3,In,,,,,,
F,Z3,Z12,BS,Z12,In,,,,,,
DP,Z12,Z12,FT,Z12,In,,,,,,
F,Z12,Z12,FT,Z9,In,,,,,,
DP,Z9,Z13,BT,Z9,In,,,,,,
F,Z9,Z13,FT,Z8,In,,,,,,
DP,Z8,Z12,FT,Z11,In,,,,,,
F,Z11,Z11,FT,Z7,Net,Forced,,Yes,,,
DP,,Z13,S,Z5,Let,Unforced,,,,,
DP,,Z13,S,Z4,In,,,,,,
F,Z4,Z13,FS,Z13,In,,,,,,
DP,Z13,Z13,FS,Z10,Wide,Forced,,Yes,,,
DP,,Z12,S,Z3,In,,,,,,
F,Z3,Z12,BS,Z4,In,,,,,,
DP,Z4,Z4,FT,Z7,In,,,,,,
F,Z7,-,-,-,No HIt,Forced,,Yes,,,
DP,,Z13,S,Z5,In,,,,,,
F,Z5,Z14,BS,Z12,Long,Forced,,Yes,,,
DP,,Z12,S,Z3,In,,,,,,
F,Z3,-,-,-,No HIt,Forced,,Yes,,,
DP,,Z13,S,Z5,Net,Unforced,,,,,
DP,,Z13,S,Z5,In,,,,,,
F,Z5,Z10,BS,Z9,In,,,,,,
DP,Z9,Z13,FT,Z10,In,,,,,,
F,Z10,Z14,BS,Z11,In,,,,,,
DP,Z11,Z11,FT,Z11,In,,,,,,
F,Z11,Z11,FT,Z10,In,,,,,,
DP,Z10,Z14,BT,Z10,In,,,,,,
F,Z10,Z14,BS,Z7,In,,,,,,
DP,Z7,Z11,FT,Z7,In,,,,,,
F,Z7,Z11,FT,Z7,In,,,,,,
DP,Z7,Z11,FT,Z14,In,,,,,,
F,Z14,-,-,-,No Hit,Forced,,Yes,Yes,,
F,,Z12,S,Z3,In,,,,,,
DP,Z3,-,-,-,No Hit,Forced,,Yes,,,
F,,Z13,S,Z4,Net,Unforced,,,,,
F,,Z13,S,Z5,In,,,,,,
DP,Z5,Z14,BT,Z9,In,,,,,,
F,Z9,Z9,BS,Z9,In,,,,,,
DP,Z9,Z14,BT,Z14,In,,,,,,
F,Z14,Z14,BS,Z9,In,,,,,,
DP,Z9,Z14,FT,Z12,Long,Forced,,Yes,,,
F,,Z12,S,Z3,Long,Unforced,,,,,
F,,Z12,S,Z3,In,,,,,,
DP,Z3,Z12,FT,Z13,Long,Forced,,Yes,,,
F,,Z13,S,Z5,Net,Unforced,,,,,
F,,Z13,S,Z5,In,,,,,,
DP,Z5,Z14,BT,Z5,In,,,,,,
F,Z5,Z14,BS,Z10,Net,Forced,,Yes,,,
F,,Z12,S,Z1,Wide,Unforced,,,,,
F,,Z12,S,Z3,In,,,,,,
DP,Z3,Z12,BT,Z9,In,,,,,,
F,Z9,Z9,BS,Z8,In,,,,,,
DP,Z8,Z13,BT,Z12,In,,,,,,
F,Z12,Z12,FT,Z9,In,,,,,,
DP,Z9,Z13,BT,Z14,In,,,,,,
F,Z14,Z14,BS,Z14,In,,,,,,
DP,Z14,Z14,FT,Z7,In,,,,,,
F,Z7,Z11,FT,Z14,Long,Unforced,,Yes,,,
F,,Z13,S,Z4,In,,,,,,
DP,Z4,Z13,FT,Z8,In,,,,,,
F,Z8,Z8,FT,Z12,Long,Unforced,,Yes,,,
F,,Z12,S,Z2,In,,,,,,
DP,Z2,Z11,FT,Z12,In,,,,,,
F,Z12,Z12,FS,Z6,Net,Forced,,Yes,,,
F,,Z13,S,Z5,Net,Unforced,,,,,
F,,Z13,S,Z4,In,,,,,,
DP,Z4,Z13,FT,Z12,In,,,,,,
F,Z12,Z12,FS,Z10,In,,,,,,
DP,Z10,Z14,FT,Z13,Long,Forced,,Yes,,,
F,,Z12,S,Z3,Long,Unforced,,,,,
F,,Z12,S,Z3,In,,,,,,
DP,Z3,Z12,BT,Z13,In,,,,,,
F,Z13,Z13,FT,Z5,Wide,Forced,,Yes,,,
F,,Z13,S,Z4,In,,,,,,
DP,Z4,Z13,FT,Z12,In,,,,,,
F,Z12,Z12,FT,Z12,In,,,,,,
DP,Z12,Z12,FT,Z12,Long,Unforced,,Yes,,,
F,,Z12,S,Z2,In,,,,,,
DP,Z2,Z11,BT,Z12,In,,,,,,
F,Z12,Z12,FT,Z7,In,,,,,,
DP,Z7,Z11,FT,Z10,In,,,,,,
F,Z10,Z14,BS,Z9,In,,,,,,
DP,Z9,Z13,BT,Z8,In,,,,,,
F,Z8,Z12,FT,Z7,In,,,,,,
DP,Z7,Z11,FT,Z13,Long,Forced,,Yes,,,
F,,Z13,S,Z4,In,,,,,,
DP,Z4,-,-,-,No Hit,Forced,,Yes,Yes,,
DP,,Z12,S,Z2,In,,,,,,
F,Z2,Z11,FS,Z14,Out,Forced,,Yes,,,
DP,,Z13,S,Z4,In,,,,,,
F,Z4,-,-,-,No HIt,Forced,,Yes,,,
DP,,Z12,S,Z2,In,,,,,,
F,Z2,Z11,FS,Z2,Net,Forced,,Yes,,,
DP,,Z13,S,Z5,In,,,,,,
F,Z5,Z14,BS,Z9,IN,,,,,,
DP,Z9,Z13,FT,Z10,In,,,,,,
F,Z10,Z14,BS,Z8,In,,,,,,
DP,Z8,Z12,FT,Z10,In,,,,,,
F,Z10,-,-,-,No Hit,Forced,,Yes,Yes,,
F,,Z12,S,Z3,Long,Unforced,,,,,
F,,Z12,S,Z3,Long,Unforced,Yes,Yes,,,
DP,,Z13,S,Z4,Long,Unforced,,,,,
DP,,Z13,S,Z5,In,,,,,,
F,Z5,Z14,FT,Z8,In,,,,,,
DP,Z8,Z12,FS,Z7,In,,,,,,
F,Z7,Z11,FS,Z3,Net,Forced,,Yes,,,
DP,,Z12,S,Z2,In,,,,,,
F,Z2,Z11,FS,Z3,In,,,,,,
DP,Z3,Z8,FT,Z10,In,,,,,,
F,Z10,-,-,-,No HIt,Forced,,Yes,,,
F,,Z13,S,Z5,Long,Unforced,,,,,
F,,Z13,S,Z5,In,,,,,,
DP,Z5,Z10,BT,Z13,In,,,,,,
F,Z13,Z13,FT,Z9,In,,,,,,
DP,Z9,Z13,BT,Z9,Net,Unforced,,Yes,,,
F,,Z12,S,Z3,In,,,,,,
DP,Z3,-,-,-,No HIt,Forced,,Yes,,,
DP,,Z13,S,Z4,In,,,,,,
F,Z4,Z13,FT,Z9,In,,,,,,
DP,Z9,Z13,FT,Z8,In,,,,,,
F,Z8,Z12,FT,Z12,In,,,,,,
DP,Z12,Z12,FS,Z10,In,,,,,,
F,Z10,Z14,BS,Z10,In,,,,,,
DP,Z10,Z14,BT,Z10,In,,,,,,
F,Z10,Z14,BS,Z9,In,,,,,,
DP,Z9,Z13,FT,Z10,In,,,,,,
F,Z10,Z14,BT,Z9,In,,,,,,
DP,Z9,Z9,BT,Z7,In,,,,,,
F,Z7,Z11,FS,Z7,Out,Forced,,Yes,,,
DP,,Z12,S,Z3,Let,Unforced,,,,,
DP,,Z12,S,Z2,Long,Unforced,,,,,
DP,,Z12,S,Z3,In,,,,,,
F,Z3,Z8,BS,Z9,In,,,,,,
DP,Z9,Z13,FT,Z12,In,,,,,,
F,Z12,Z12,FT,Z14,In,,,,,,
DP,Z14,Z14,BT,Z9,In,,,,,,
F,Z9,Z13,FT,Z12,In,,,,,,
DP,Z12,Z12,FT,Z13,In,,,,,,
F,Z13,Z13,FT,Z7,In,,,,,,
DP,Z7,Z11,FT,Z3,In,,,,,,
F,Z3,Z11,FT,Z7,In,,,,,,
DP,Z7,Z11,FT,Z5,In,,,,,,
F,Z5,Z10,BS,Z10,In,,,,,,
DP,Z10,Z14,FT,Z10,In,,,,,,
F,Z10,Z14,BS,Z11,Long,Unforced,,Yes,,,
F,,Z13,S,Z5,In,,,,,,
DP,Z5,Z14,BS,Z4,Net,Forced,,Yes,,,
F,,Z12,S,Z3,In,,,,,,
DP,Z3,Z12,BS,Z4,In,,,,,,
F,Z4,Z9,FT,Z10,In,,,,,,
DP,Z10,Z14,BL,Z2,Wide,Unforced,,Yes,,,
DP,,Z13,S,Z4,Wide,Unforced,,,,,
DP,,Z13,S,Z5,In,,,,,,
F,Z5,Z10,BS,Z9,In,,,,,,
DP,Z9,Z10,FT,Z10,In,,,,,,
F,Z10,Z14,BS,Z13,In,,,,,,
DP,Z13,Z13,FS,Z10,In,,,,,,
F,Z10,Z14,BS,Z9,In,,,,,,
DP,Z9,Z13,FT,Z8,In,,,,,,
F,Z8,Z12,FT,Z10,Wide,Unforced,,Yes,,,
DP,,Z12,S,Z3,In,,,,,,
F,Z3,Z12,BS,Z9,In,,,,,,
DP,Z9,Z13,FT,Z9,In,,,,,,
F,Z9,Z13,FT,Z10,Wide,Forced,,Yes,Yes,Yes,
DP,,Z12,S,Z3,In,,,,,,
F,Z3,Z12,BT,Z10,In,,,,,,
DP,Z10,Z10,BT,Z13,In,,,,,,
F,Z13,Z13,FT,Z9,In,,,,,,
DP,Z9,Z9,FT,Z14,In,,,,,,
F,Z14,-,-,-,No Hit,Forced,,Yes,,,
DP,,Z13,S,Z4,Long,Unforced,,,,,
DP,,Z13,S,Z5,In,,,,,,
F,Z5,Z14,FT,Z10,Wide,Unforced,,Yes,,,
DP,,Z12,S,Z3,In,,,,,,
F,Z3,Z12,BS,Z2,In,,,,,,
DP,Z2,Z7,FT,Z7,In,,,,,,
F,Z7,Z11,FS,Z3,In,,,,,,
DP,Z3,Z8,FT,Z8,Net,Unforced,,Yes,,,
DP,,Z13,S,Z4,In,,,,,,
F,Z4,Z13,FT,Z8,In,,,,,,
DP,Z8,Z8,FT,Z10,In,,,,,,
F,Z10,Z14,BS,Z5,In,,,,,,
DP,Z5,Z10,BS,Z14,In,,,,,,
F,Z14,Z14,BS,Z7,Wide,Unforced,,Yes,,,
DP,,Z12,S,Z3,In,,,,,,
F,Z3,Z12,BT,Z8,In,,,,,,
DP,Z8,Z8,FT,Z10,In,,,,,,
F,Z10,Z14,BS,Z11,Out,Unforced,,Yes,Yes,,
F,,Z12,S,Z2,In,,,,,,
DP,Z2,Z11,FS,Z14,Long,Forced,,Yes,,,
F,,Z13,S,Z4,In,,,,,,
DP,Z4,Z12,FT,Z9,In,,,,,,
F,Z9,Z9,FT,Z10,In,,,,,,
DP,Z10,Z14,BT,Z5,In,,,,,,
F,Z5,Z10,BS,Z7,Net,Unforced,,Yes,,,
F,,Z12,S,Z3,Net,Unforced,,,,,
F,,Z12,S,Z2,In,,,,,,
DP,Z2,Z11,FT,Z7,In,,,,,,
F,Z7,-,-,-,No Hit,Forced,,Yes,,,
F,,Z13,S,Z4,Long,Unforced,,,,,
F,,Z13,S,Z4,In,,,,,,
DP,Z4,Z13,FT,Z9,In,,,,,,
F,Z9,Z13,FT,Z11,Long,Forced,,Yes,,,
F,,Z12,S,Z3,Net,Unforced,,,,,
F,,Z12,S,Z2,In,,,,,,
DP,Z2,Z7,FT,Z12,In,,,,,,
F,Z12,Z12,FS,Z9,In,,,,,,
DP,Z9,Z12,FT,Z13,In,,,,,,
F,Z13,Z13,FT,Z12,In,,,,,,
DP,Z12,Z12,FT,Z3,In,,,,,,
F,Z3,Z12,FT,Z2,In,,,,,,
DP,Z2,Z11,FT,Z7,Net,Forced,,Yes,,,
F,,Z13,S,Z5,In,,,,,,
DP,Z5,Z14,BS,Z9,In,,,,,,
F,Z9,Z9,FT,Z7,In,,,,,,
DP,Z7,Z11,FT,Z2,In,,,,,,
F,Z2,-,-,-,No HIt,Forced,,Yes,Yes,,
DP,,Z12,S,Z2,In,,,,,,
F,Z2,Z11,FT,Z13,In,,,,,,
DP,Z13,Z13,BS,Z10,In,,,,,,
F,Z10,Z14,BS,Z10,In,,,,,,
DP,Z10,Z14,BT,Z10,In,,,,,,
F,Z10,Z14,BT,Z7,In,,,,,,
DP,Z7,-,-,-,No HIt,Forced,,Yes,,,
DP,,Z13,S,Z5,Long,Unforced,,,,,
DP,,Z13,S,Z5,In,,,,,,
F,Z5,Z14,BS,Z5,In,,,,,,
DP,Z5,Z10,BT,Z14,In,,,,,,
F,Z14,Z14,BT,Z12,In,,,,,,
DP,Z12,Z12,FT,Z7,In,,,,,,
F,Z7,Z11,FT,Z7,In,,,,,,
DP,Z7,Z11,FT,Z9,In,,,,,,
F,Z9,Z13,BS,Z10,In,,,,,,
DP,Z9,Z14,BS,Z10,In,,,,,,
F,Z10,Z14,FT,Z7,Wide,Unforced,,Yes,,,
DP,,Z12,S,Z3,In,,,,,,
F,Z3,Z12,BS,Z9,In,,,,,,
DP,Z9,Z13,BT,Z11,In,,,,,,
F,Z11,Z11,FL,Z7,In,,,,,,
DP,Z7,Z7,FO,Z10,In,,,,,,
F,Z10,Z14,BS,Z17,In,,,,,,
DP,Z17,Z17,FV,Z5,Net,Unforced,,Yes,,,
DP,,Z13,S,Z5,In,,,,,,
F,Z5,Z14,BS,Z4,In,,,,,,
DP,Z4,Z10,FT,Z7,In,,,,,,
F,Z7,-,-,-,No HIt,Forced,,Yes,,,
DP,,Z12,S,Z4,In,,,,,,
F,Z4,Z12,BS,Z9,In,,,,,,
DP,Z9,Z13,FT,Z5,In,,,,,,
F,Z5,Z13,BS,Z9,In,,,,,,
DP,Z9,Z13,FT,Z8,Net,Unforced,,Yes,,,
DP,,Z13,S,Z5,Long,Unforced,,,,,
DP,,Z13,S,Z6,In,,,,,,
F,Z6,Z14,BS,Z10,In,,,,,,
DP,Z10,Z14,BT,Z10,In,,,,,,
F,Z10,Z14,BL,Z13,Long,Forced,,Yes,,,
DP,,Z12,S,Z2,In,,,,,,
F,Z2,Z11,FS,Z2,In,,,,,,
DP,Z2,Z7,FT,Z10,In,,,,,,
F,Z10,-,-,-,No HIt,Forced,,Yes,,,
DP,,Z13,S,Z4,In,,,,,,
F,Z4,Z13,FS,Z14,Long,Forced,,Yes,Yes,,
F,,Z12,S,Z3,In,,,,,,
DP,Z3,Z12,BS,Z9,In,,,,,,
F,Z9,Z9,FT,Z10,In,,,,,,
DP,Z10,Z14,BT,Z12,Long,Forced,,Yes,,,
F,,Z13,S,Z4,Long,Unforced,,,,,
F,,Z13,S,Z6,Wide,Unforced,Yes,Yes,,,
F,,Z12,S,Z3,Long,Unforced,,,,,
F,,Z12,S,Z2,In,,,,,,
DP,Z2,Z11,FT,Z3,In,,,,,,
F,Z3,Z12,FT,Z10,In,,,,,,
DP,Z10,Z14,BS,Z12,Long,Forced,,Yes,,,
F,,Z13,S,Z5,Long,Unforced,,,,,
F,,Z13,S,Z5,In,,,,,,
DP,Z5,Z13,BT,Z9,In,,,,,,
F,Z9,Z13,FT,Z2,In,,,,,,
DP,Z2,Z11,FS,Z7,Wide,Unforced,,Yes,,,
F,,Z12,S,Z2,Long,Unforced,,,,,
F,,Z12,S,Z2,In,,,,,,
DP,Z2,Z11,FT,Z12,Long,Forced,,Yes,Yes,,
DP,,Z12,S,Z2,Long,Unforced,,,,,
DP,,Z12,S,Z3,In,,,,,,
F,Z3,Z12,FT,Z7,Long,Forced,,Yes,,,
DP,,Z13,S,Z5,In,,,,,,
F,Z5,Z14,BS,Z10,In,,,,,,
DP,Z10,Z10,BT,Z14,In,,,,,,
F,Z14,Z14,BT,Z9,In,,,,,,
DP,Z9,Z13,FT,Z10,In,,,,,,
F,Z10,Z14,BS,Z13,In,,,,,,
DP,Z13,Z13,FT,Z14,In,,,,,,
F,Z14,Z14,BT,Z9,In,,,,,,
DP,Z9,Z13,FT,Z5,In,,,,,,
F,Z5,Z14,BS,Z7,In,,,,,,
DP,Z7,Z11,FT,Z5,In,,,,,,
F,Z5,Z13,BT,Z8,In,,,,,,
DP,Z8,Z12,FT,Z7,In,,,,,,
F,Z7,Z11,FT,Z9,In,,,,,,
DP,Z9,Z13,BT,Z9,In,,,,,,
F,Z9,Z13,BS,Z10,In,,,,,,
DP,Z10,Z13,BT,Z8,In,,,,,,
F,Z8,Z12,FT,Z10,In,,,,,,
DP,Z10,Z14,BS,Z9,Net,Forced,,Yes,,,
DP,,Z12,S,Z3,In,,,,,,
F,Z3,Z11,BS,Z4,In,,,,,,
DP,Z4,Z9,FT,Z10,In,,,,,,
F,Z10,Z14,BS,Z4,Net,Forced,,Yes,,,
DP,,Z13,S,Z4,In,,,,,,
F,Z4,Z13,FT,Z9,In,,,,,,
DP,Z9,Z13,BS,Z3,Net,Unforced,,Yes,,,
DP,,Z12,S,Z3,Net,Unforced,,,,,
DP,,Z12,S,Z3,In,,,,,,
F,Z3,Z12,BS,Z10,In,,,,,,
DP,Z10,Z14,BT,Z10,In,,,,,,
F,Z10,Z14,BS,Z9,In,,,,,,
DP,Z9,Z13,FT,Z10,In,,,,,,
F,Z10,Z14,BS,Z4,Net,Forced,,Yes,,,
DP,,Z13,S,Z5,In,,,,,,
F,Z5,Z14,BS,Z14,In,,,,,,
DP,Z14,Z14,BT,Z10,In,,,,,,
F,Z10,Z14,BT,Z7,Wide,Unforced,,Yes,Yes,,
F,,Z12,S,Z3,Long,Unforced,,,,,
F,,Z12,S,Z3,Net,Unforced,Yes,Yes,,,
F,,Z13,S,Z5,In,,,,,,
DP,Z5,Z14,BS,Z9,In,,,,,,
F,Z9,Z13,FT,Z2,In,,,,,,
DP,Z2,Z11,FS,Z8,In,,,,,,
F,Z8,Z12,FT,Z10,In,,,,,,
DP,Z10,-,-,-,No HIt,Forced,,Yes,,,
F,,Z12,S,Z3,In,,,,,,
DP,Z3,Z12,BS,Z11,In,,,,,,
F,Z11,Z11,FT,Z1,In,,,,,,
DP,Z1,-,-,-,No HIt,Forced,,Yes,,,
F,,Z13,S,Z5,In,,,,,,
DP,Z5,Z14,BS,Z5,In,,,,,,
F,Z5,Z10,BS,Z10,In,,,,,,
DP,Z10,Z14,BT,Z7,Net,Unforced,,Yes,,,
F,,Z12,S,Z3,In,,,,,,
DP,Z3,Z12,BT,Z4,Net,Forced,,Yes,Yes,,
DP,,Z12,S,Z3,In,,,,,,
F,Z3,Z12,BS,Z13,In,,,,,,
DP,Z13,Z13,FS,Z8,In,,,,,,
F,Z8,Z12,FT,Z10,Wide,Forced,,Yes,,,
DP,,Z13,S,Z4,In,,,,,,
F,Z4,Z13,FV,Z13,Long,Forced,,Yes,,,
DP,,Z12,S,Z3,Long,Unforced,,,,,
DP,,Z12,S,Z2,In,,,,,,
F,Z2,Z11,FT,Z9,In,,,,,,
DP,Z9,Z13,FT,Z10,In,,,,,,
F,Z10,Z14,BS,Z9,In,,,,,,
DP,Z9,Z14,BT,Z5,In,,,,,,
F,Z5,Z14,BS,Z14,Long,Unforced,,Yes,,,
DP,,Z13,S,Z5,In,,,,,,
F,Z5,Z14,BS,Z4,In,,,,,,
DP,Z4,Z9,FT,Z7,In,,,,,,
F,Z7,-,-,-,No Hit,Forced,,Yes,Yes,,
F,,Z12,S,Z1,Let,Unforced,,,,,
F,,Z12,S,Z3,Let,Unforced,,,,,
F,,Z12,S,Z3,Long,Unforced,,,,,
F,,Z12,S,Z3,In,,,,,,
DP,Z3,Z11,BT,Z12,In,,,,,,
F,Z12,Z12,FT,Z5,In,,,,,,
DP,Z5,Z14,BT,Z5,In,,,,,,
F,Z5,Z14,BT,Z4,In,,,,,,
DP,Z4,Z10,BT,Z9,In,,,,,,
F,Z9,Z13,BS,Z10,Wide,Unforced,,Yes,,,
F,,Z13,S,Z5,Net,Unforced,,,,,
F,,Z13,S,Z5,In,,,,,,
DP,Z5,Z10,BT,Z4,In,,,,,,
F,Z4,Z9,FT,Z11,Net,Unforced,,Yes,,,
F,,Z12,S,Z2,In,,,,,,
DP,Z2,Z11,FT,Z8,In,,,,,,
F,Z8,Z12,FT,Z7,In,,,,,,
DP,Z7,Z11,FS,Z2,Net,Forced,,Yes,,,
F,,Z13,S,Z5,In,,,,,,
DP,Z5,Z14,BS,Z10,In,,,,,,
F,Z10,Z14,FT,Z5,In,,,,,,
DP,Z5,Z14,BT,Z10,In,,,,,,
F,Z10,Z14,BS,Z10,Wide,Unforced,,Yes,,,
F,,Z12,S,Z3,Long,Unforced,,,,,
F,,Z12,S,Z3,In,,,,,,
DP,Z3,Z11,FT,Z3,In,,,,,,
F,Z3,Z12,FT,Z7,In,,,,,,
DP,Z7,Z11,FT,Z10,In,,,,,,
F,Z10,Z14,BS,Z5,In,,,,,,
DP,Z5,Z14,BT,Z5,In,,,,,,
F,Z5,Z10,BS,Z10,In,,,,,,
DP,Z10,Z14,BT,Z13,In,,,,,,
F,Z13,Z13,BS,Z8,In,,,,,,
DP,Z8,Z12,FT,Z7,In,,,,,,
F,Z7,Z11,FT,Z7,In,,,,,,
DP,Z7,Z11,FT,Z11,In,,,,,,
F,Z11,Z11,FL,Z12,In,,,,,,
DP,Z12,Z12,FT,Z9,In,,,,,,
F,Z9,Z13,BT,Z9,In,,,,,,
DP,Z9,Z13,BT,Z9,In,,,,,,
F,Z9,Z14,FT,Z7,In,,,,,,
DP,Z7,Z11,FT,Z7,Wide,Unforced,,Yes,,,
F,,Z13,S,Z5,In,,,,,,
DP,Z5,Z14,BT,Z9,Net,Forced,,Yes,,,
F,,Z12,S,Z3,In,,,,,,
DP,Z3,Z12,BS,Z12,Long,Forced,,Yes,,,
F,,Z13,S,Z4,In,,,,,,
DP,Z4,Z13,FT,Z9,In,,,,,,
F,Z9,Z13,FT,Z8,In,,,,,,
DP,Z8,Z12,FT,Z7,In,,,,,,
F,Z7,Z11,FT,Z7,In,,,,,,
DP,Z7,Z11,FT,Z10,In,,,,,,
F,Z10,-,-,-,No HIt,Forced,,Yes,,,
F,,Z12,S,Z3,Net,Unforced,,,,,
F,,Z12,S,Z2,Wide,Unforced,Yes,Yes,,,
F,,Z13,S,Z5,Net,Unforced,,,,,
F,,Z13,S,Z5,In,,,,,,
DP,Z5,Z14,BT,Z10,In,,,,,,
F,Z10,Z14,BS,Z8,In,,,,,,
DP,Z8,Z12,FT,Z2,In,,,,,,
F,Z2,Z11,FS,Z2,In,,,,,,
DP,Z2,Z7,FT,Z14,In,,,,,,
F,Z14,Z14,BS,Z13,Long,Forced,,Yes,Yes,Yes,Yes