"","Player","Server","Stroke.Type","Opp.Stroke.Type","Ball.hit.to.lag4","Ball.hit.to.lag3","Ball.hit.to.lag2","Ball.lands","Ball.hit.from","Ball.hit.to","In.out","id","rally_num"
"1","F","1","FT","BT",NA,NA,"Z2","Z3","Z3","Z2","In",3,1
"2","F","1","FT","FT",NA,NA,"Z2","Z3","Z3","Z4","In",9,3
"3","F","1","BT","BT",NA,NA,"Z5","Z5","Z5","Z4","In",13,4
"4","DP","0","FT","BT",NA,"Z5","Z5","Z4","Z4","Z5","In",14,4
"5","F","1","BT","FT","Z5","Z5","Z4","Z5","Z5","Z5","Wide",15,4
"6","F","1","FT","BS",NA,NA,"Z3","Z3","Z3","Z5","In",18,5
"7","DP","1","FT","BS",NA,NA,"Z3","Z4","Z4","Z4","In",22,6
"8","F","0","BS","FT",NA,"Z3","Z4","Z4","Z4","Z3","In",23,6
"9","DP","1","FT","BS","Z3","Z4","Z4","Z3","Z2","Z2","In",24,6
"10","F","0","FT","FT","Z4","Z4","Z3","Z2","Z2","Z2","In",25,6
"11","DP","1","FT","FT","Z4","Z3","Z2","Z2","Z2","Z5","In",26,6
"12","F","0","BV","FT","Z3","Z2","Z2","Z5","Z5","Z5","In",27,6
"13","DP","1","FT","BS",NA,NA,"Z5","Z3","Z4","Z2","In",30,7
"14","F","0","FT","FT",NA,"Z5","Z3","Z2","Z2","Z3","In",31,7
"15","DP","1","FT","FT","Z5","Z3","Z2","Z3","Z2","Z5","In",32,7
"16","DP","1","FT","BS",NA,NA,"Z4","Z5","Z4","Z5","In",36,8
"17","F","0","FT","FT",NA,"Z4","Z5","Z5","Z4","Z5","In",37,8
"18","DP","1","BT","FT","Z4","Z5","Z5","Z5","Z5","Z3","In",38,8
"19","F","0","FT","BT","Z5","Z5","Z5","Z3","Z3","Z4","In",39,8
"20","DP","1","FT","FT","Z5","Z5","Z3","Z4","Z4","Z6","In",40,8
"21","F","0","BV","FT","Z5","Z3","Z4","Z6","AT_NET","Z5","In",41,8
"22","DP","1","BT","BV","Z3","Z4","Z6","Z5","Z5","Z1","In",42,8
"23","F","0","FV","BT","Z4","Z6","Z5","Z1","Z1","Z2","In",43,8
"24","DP","1","FT","BS",NA,NA,"Z5","Z5","Z4","Z5","In",46,9
"25","F","0","BS","FT",NA,"Z5","Z5","Z5","Z5","Z5","Wide",47,9
"26","DP","1","FT","BS",NA,NA,"Z5","Z4","Z4","Z2","In",52,11
"27","DP","1","FT","BS",NA,NA,"Z2","Z4","Z3","Z5","In",56,12
"28","F","0","BS","FT",NA,"Z2","Z4","Z5","Z5","Z4","In",57,12
"29","DP","1","FT","BS","Z2","Z4","Z5","Z4","Z4","Z2","In",58,12
"30","F","0","FT","FT","Z4","Z5","Z4","Z2","Z2","Z2","In",59,12
"31","F","0","FO","BS","Z4","Z2","Z2","AT_NET","Z5","Z5","In",61,12
"32","DP","1","FT","BS",NA,NA,"Z5","Z4","Z4","Z4","In",64,13
"33","F","0","BT","FT",NA,"Z5","Z4","Z4","Z4","Z4","In",65,13
"34","DP","1","FT","BT","Z5","Z4","Z4","Z4","Z3","Z5","In",66,13
"35","F","0","FT","FT","Z4","Z4","Z4","Z5","Z5","Z4","In",67,13
"36","DP","1","FT","FT","Z4","Z4","Z5","Z4","Z5","Z5","In",68,13
"37","F","0","BS","FT","Z4","Z5","Z4","Z5","Z5","Z2","In",69,13
"38","DP","1","FT","BS","Z5","Z4","Z5","Z2","Z3","Z4","In",70,13
"39","F","0","BS","FT","Z4","Z5","Z2","Z4","Z5","Z4","In",71,13
"40","DP","1","FT","BS","Z5","Z2","Z4","Z4","Z4","Z2","In",72,13
"41","DP","1","FT","BS",NA,NA,"Z3","Z5","Z5","Z4","In",75,14
"42","F","0","FT","FT",NA,"Z3","Z5","Z4","Z4","Z3","In",76,14
"43","DP","1","FT","FT","Z3","Z5","Z4","Z3","Z3","Z5","Long",77,14
"44","DP","1","FT","BS",NA,NA,"Z5","Z3","Z3","Z2","In",80,15
"45","DP","1","BT","BS",NA,NA,"Z3","Z5","Z4","Z4","In",84,16
"46","F","0","FT","BT",NA,"Z3","Z5","Z4","Z5","Z3","In",85,16
"47","DP","1","FT","FT","Z3","Z5","Z4","Z3","Z3","Z2","In",86,16
"48","F","0","FT","FT","Z5","Z4","Z3","Z2","Z2","Z4","In",87,16
"49","DP","1","BT","FT","Z4","Z3","Z2","Z4","Z4","Z4","In",88,16
"50","F","0","BS","BT","Z3","Z2","Z4","Z4","Z4","Z5","In",89,16
"51","DP","1","BT","BS","Z2","Z4","Z4","Z5","Z5","Z5","In",90,16
"52","F","0","BS","BT","Z4","Z4","Z5","Z5","Z5","Z4","In",91,16
"53","DP","1","BT","BS","Z4","Z5","Z5","Z4","Z5","Z3","In",92,16
"54","F","0","FT","BT","Z5","Z5","Z4","Z3","Z3","Z5","In",93,16
"55","DP","1","BT","FT","Z5","Z4","Z3","Z5","Z5","Z4","In",94,16
"56","F","0","FT","BT","Z4","Z3","Z5","Z4","Z4","Z2","In",95,16
"57","DP","1","FT","FT","Z3","Z5","Z4","Z2","Z2","Z2","Wide",96,16
"58","DP","1","FT","FT",NA,NA,"Z2","Z3","Z3","Z5","In",101,18
"59","F","0","FT","FT",NA,"Z2","Z3","Z5","Z4","Z3","In",102,18
"60","DP","1","FT","FT","Z2","Z3","Z5","Z3","Z3","Z3","In",103,18
"61","F","0","FT","FT","Z3","Z5","Z3","Z3","Z2","Z5","In",104,18
"62","DP","1","BT","FT","Z5","Z3","Z3","Z5","Z4","Z4","In",105,18
"63","F","0","FT","BT","Z3","Z3","Z5","Z4","Z5","Z3","In",106,18
"64","DP","1","FT","FT","Z3","Z5","Z4","Z3","Z3","Z4","Long",107,18
"65","DP","1","FT","BS",NA,NA,"Z5","Z4","Z4","Z4","In",110,19
"66","F","0","BS","FT",NA,"Z5","Z4","Z4","Z4","Z5","In",111,19
"67","DP","1","FT","BS","Z5","Z4","Z4","Z5","Z5","Z5","In",112,19
"68","F","0","BT","FT","Z4","Z4","Z5","Z5","Z5","Z5","In",113,19
"69","DP","1","FT","BT","Z4","Z5","Z5","Z5","Z5","Z2","In",114,19
"70","F","0","FT","FT","Z5","Z5","Z5","Z2","Z2","Z1","In",115,19
"71","DP","1","BO","FT","Z5","Z5","Z2","Z1","Z6","Z6","In",116,19
"72","F","0","BS","BO","Z5","Z2","Z1","Z6","Z5","Z6","In",117,19
"73","DP","1","BS","BS","Z2","Z1","Z6","Z6","Z6","Z2","In",118,19
"74","F","0","FT","BS","Z1","Z6","Z6","Z2","Z2","Z2","In",119,19
"75","F","1","FT","BT",NA,NA,"Z3","Z4","Z4","Z2","In",122,20
"76","DP","0","FT","FT",NA,"Z3","Z4","Z2","Z2","Z2","In",123,20
"77","F","1","FT","FT","Z3","Z4","Z2","Z2","Z2","Z5","Long",124,20
"78","F","1","FT","FS",NA,NA,"Z4","Z5","Z5","Z4","In",127,21
"79","DP","0","FT","FT",NA,"Z4","Z5","Z4","Z5","Z4","In",128,21
"80","F","1","FT","FT","Z4","Z5","Z4","Z4","Z5","Z3","In",129,21
"81","F","1","BS","BT",NA,NA,"Z2","Z4","Z4","Z5","In",133,22
"82","DP","0","BT","BS",NA,"Z2","Z4","Z5","Z5","Z5","In",134,22
"83","F","1","BT","BT","Z2","Z4","Z5","Z5","Z5","Z4","In",135,22
"84","DP","0","BT","BT","Z4","Z5","Z5","Z4","Z5","Z4","In",136,22
"85","F","1","FT","BT","Z5","Z5","Z4","Z4","Z4","Z5","In",137,22
"86","DP","1","FT","FT",NA,NA,"Z5","Z4","Z4","Z4","In",148,27
"87","F","0","FT","FT",NA,"Z5","Z4","Z4","Z4","Z3","In",149,27
"88","F","1","FT","FT",NA,NA,"Z2","Z4","Z4","Z5","In",155,29
"89","DP","0","FT","FT",NA,"Z2","Z4","Z5","Z5","Z5","In",156,29
"90","F","1","BS","FT","Z2","Z4","Z5","Z5","Z4","Z5","In",157,29
"91","DP","0","FT","BS","Z4","Z5","Z5","Z5","Z5","Z5","In",158,29
"92","F","1","BT","FT","Z5","Z5","Z5","Z5","Z5","Z5","In",159,29
"93","DP","0","FT","BT","Z5","Z5","Z5","Z5","Z5","Z4","In",160,29
"94","F","1","BT","FT","Z5","Z5","Z5","Z4","Z5","Z5","In",161,29
"95","DP","0","FT","BT","Z5","Z5","Z4","Z5","Z5","Z5","In",162,29
"96","F","1","BT","FT","Z5","Z4","Z5","Z5","Z5","Z5","In",163,29
"97","DP","0","BT","BT","Z4","Z5","Z5","Z5","Z5","Z5","In",164,29
"98","F","1","FT","BT","Z5","Z5","Z5","Z5","Z5","Z4","In",165,29
"99","DP","0","FT","FT","Z5","Z5","Z5","Z4","Z4","Z3","In",166,29
"100","F","1","FT","FT","Z5","Z5","Z4","Z3","Z3","Z4","In",167,29
"101","DP","0","FT","FT","Z5","Z4","Z3","Z4","Z4","Z5","In",168,29
"102","F","1","BS","FT","Z4","Z3","Z4","Z5","Z5","Z5","In",169,29
"103","DP","0","BS","BS","Z3","Z4","Z5","Z5","Z5","Z5","In",170,29
"104","F","1","BT","BS","Z4","Z5","Z5","Z5","Z5","Z5","In",171,29
"105","F","1","FT","BT",NA,NA,"Z5","Z4","Z4","Z5","In",174,30
"106","DP","0","BT","FT",NA,"Z5","Z4","Z5","Z5","Z4","In",175,30
"107","F","1","FS","BT","Z5","Z4","Z5","Z4","Z4","Z6","In",176,30
"108","F","1","BT","BS",NA,NA,"Z3","Z5","Z5","Z5","In",179,31
"109","DP","0","BT","BT",NA,"Z3","Z5","Z5","Z5","Z5","In",180,31
"110","F","1","BS","BT",NA,NA,"Z5","Z5","Z5","Z2","In",186,33
"111","DP","0","FT","BS",NA,"Z5","Z5","Z2","Z2","Z2","In",187,33
"112","F","1","FT","FT","Z5","Z5","Z2","Z2","Z2","Z5","In",188,33
"113","F","1","BV","BT","Z2","Z2","Z5","AT_NET","AT_NET","Z5","In",190,33
"114","DP","0","BS","BV","Z2","Z5","AT_NET","Z5","Z5","Z5","In",191,33
"115","F","1","FO","BS","Z5","AT_NET","Z5","Z5","Z5","Z2","In",192,33
"116","DP","1","BL","BS",NA,NA,"Z3","Z5","Z5","Z1","Wide",195,34
"117","DP","1","BT","FT",NA,NA,"Z4","Z5","Z5","Z2","In",202,37
"118","F","0","FT","BT",NA,"Z4","Z5","Z2","Z3","Z4","In",203,37
"119","F","0","FO","BL","Z5","Z2","Z4","AT_NET","Z3","Z3","In",205,37
"120","F","0","BO","FL","Z4","AT_NET","Z3","AT_NET","Z6","Z5","In",207,37
"121","DP","1","BT","BS",NA,NA,"Z5","Z5","Z5","Z4","In",210,38
"122","F","0","FT","BT",NA,"Z5","Z5","Z4","Z5","Z5","In",211,38
"123","DP","1","BT","FT","Z5","Z5","Z4","Z5","Z5","Z5","In",212,38
"124","F","0","BT","BT","Z5","Z4","Z5","Z5","Z5","Z5","In",213,38
"125","DP","1","FT","BT","Z4","Z5","Z5","Z5","Z4","Z5","In",214,38
"126","F","0","BT","FT","Z5","Z5","Z5","Z5","Z5","Z3","In",215,38
"127","DP","1","FT","BT","Z5","Z5","Z5","Z3","Z3","Z4","In",216,38
"128","F","0","BT","FT","Z5","Z5","Z3","Z4","Z5","Z3","In",217,38
"129","DP","1","FT","BT","Z5","Z3","Z4","Z3","Z3","Z5","In",218,38
"130","F","0","BT","FT","Z3","Z4","Z3","Z5","Z5","Z3","In",219,38
"131","DP","1","FT","BT","Z4","Z3","Z5","Z3","Z3","Z3","In",220,38
"132","F","0","FT","FT","Z3","Z5","Z3","Z3","Z3","Z4","In",221,38
"133","DP","1","FT","FT","Z5","Z3","Z3","Z4","Z4","Z4","In",222,38
"134","F","0","FT","FT","Z3","Z3","Z4","Z4","Z4","Z2","Wide",223,38
"135","F","1","BS","BT",NA,NA,"Z5","Z5","Z5","Z3","In",226,39
"136","DP","0","FT","BS",NA,"Z5","Z5","Z3","Z4","Z5","In",227,39
"137","F","1","BS","FT","Z5","Z5","Z3","Z5","Z5","Z5","Long",228,39
"138","F","1","BL","BT",NA,NA,"Z2","Z4","Z4","Z5","In",231,40
"139","DP","0","BT","BL",NA,"Z2","Z4","Z5","Z5","Z2","In",232,40
"140","F","1","FT","BT","Z2","Z4","Z5","Z2","Z2","Z2","In",233,40
"141","F","1","FT","BT",NA,NA,"Z5","Z5","Z5","Z5","In",237,41
"142","DP","0","BT","FT",NA,"Z5","Z5","Z5","Z5","Z4","In",238,41
"143","F","1","FT","BT","Z5","Z5","Z5","Z4","Z4","Z5","In",239,41
"144","F","1","FT","BS",NA,NA,"Z3","Z3","Z3","Z2","In",242,42
"145","DP","0","FL","FT",NA,"Z3","Z3","Z2","Z2","Z5","Long",243,42
"146","F","1","BS","FS",NA,NA,"Z4","Z5","Z5","Z2","In",246,43
"147","DP","0","FT","BS",NA,"Z4","Z5","Z2","Z3","Z2","In",247,43
"148","F","1","FT","FT","Z4","Z5","Z2","Z2","Z2","Z3","In",248,43
"149","DP","0","FT","FT","Z5","Z2","Z2","Z3","Z2","Z4","In",249,43
"150","F","1","BT","FT","Z2","Z2","Z3","Z4","Z4","Z5","In",250,43
"151","DP","0","BT","BT","Z2","Z3","Z4","Z5","Z5","Z5","In",251,43
"152","F","1","BT","BT","Z3","Z4","Z5","Z5","Z5","Z5","In",252,43
"153","DP","0","BT","BT","Z4","Z5","Z5","Z5","Z5","Z4","In",253,43
"154","F","1","FT","BT","Z5","Z5","Z5","Z4","Z4","Z2","In",254,43
"155","DP","1","FT","BS",NA,NA,"Z2","Z3","Z3","Z2","In",257,44
"156","F","0","BS","FT",NA,"Z2","Z3","Z2","Z2","Z3","In",258,44
"157","DP","1","FT","BS","Z2","Z3","Z2","Z3","Z2","Z2","In",259,44
"158","F","0","BS","FT","Z3","Z2","Z3","Z2","Z2","Z3","In",260,44
"159","DP","1","FT","BS","Z2","Z3","Z2","Z3","Z3","Z3","Long",261,44
"160","DP","1","FT","FT",NA,NA,"Z4","Z4","Z4","Z5","In",264,45
"161","F","0","BT","FT",NA,"Z4","Z4","Z5","Z5","Z5","In",265,45
"162","DP","1","BT","BT","Z4","Z4","Z5","Z5","Z5","Z5","In",266,45
"163","F","0","BS","BT","Z4","Z5","Z5","Z5","Z5","Z5","In",267,45
"164","DP","1","BT","BS","Z5","Z5","Z5","Z5","Z5","Z5","In",268,45
"165","F","0","BS","BT","Z5","Z5","Z5","Z5","Z5","Z5","In",269,45
"166","DP","1","BS","BS","Z5","Z5","Z5","Z5","Z5","Z4","In",270,45
"167","F","0","FV","BS","Z5","Z5","Z5","Z4","Z4","Z5","In",271,45
"168","DP","1","FT","FT",NA,NA,"Z2","Z3","Z3","Z5","In",274,46
"169","F","0","BS","FT",NA,"Z2","Z3","Z5","Z5","Z4","In",275,46
"170","DP","1","FT","BS","Z2","Z3","Z5","Z4","Z4","Z2","Wide",276,46
"171","DP","1","FT","BS",NA,NA,"Z3","Z4","Z4","Z2","In",279,47
"172","DP","1","FO","BS","Z3","Z4","Z2","AT_NET","Z5","Z5","In",281,47
"173","DP","1","FT","BS",NA,NA,"Z5","Z4","Z4","Z5","In",284,48
"174","F","0","BS","FT",NA,"Z5","Z4","Z5","Z5","Z6","In",285,48
"175","DP","1","BT","BS","Z5","Z4","Z5","Z6","Z6","Z2","In",286,48
"176","F","0","FS","BT","Z4","Z5","Z6","Z2","Z2","Z5","In",287,48
"177","DP","1","FO","FS","Z5","Z6","Z2","Z5","Z6","Z3","In",288,48
"178","DP","1","FT","BS",NA,NA,"Z3","Z3","Z3","Z5","In",291,49
"179","F","0","BS","FT",NA,"Z3","Z3","Z5","Z4","Z1","In",292,49
"180","DP","1","FT","BS","Z3","Z3","Z5","Z1","Z1","Z5","In",293,49
"181","F","1","FT","FS",NA,NA,"Z5","Z4","Z4","Z3","In",298,51
"182","DP","1","FT","BS",NA,NA,"Z3","Z4","Z4","Z5","In",302,52
"183","F","0","BT","FT",NA,"Z3","Z4","Z5","Z5","Z5","In",303,52
"184","DP","1","BT","BT","Z3","Z4","Z5","Z5","Z5","Z4","Long",304,52
"185","DP","1","BT","FT",NA,NA,"Z5","Z5","Z5","Z2","In",307,53
"186","F","0","FT","BT",NA,"Z5","Z5","Z2","Z3","Z5","In",308,53
"187","DP","1","BT","FT","Z5","Z5","Z2","Z5","Z5","Z4","In",309,53
"188","F","0","FT","BT","Z5","Z2","Z5","Z4","Z4","Z3","In",310,53
"189","DP","1","FT","FT","Z2","Z5","Z4","Z3","Z3","Z2","Wide",311,53
"190","DP","1","FT","FT",NA,NA,"Z5","Z3","Z3","Z2","In",314,54
"191","F","0","FT","FT",NA,"Z5","Z3","Z2","Z2","Z2","In",315,54
"192","DP","1","FT","FT","Z5","Z3","Z2","Z2","Z2","Z4","In",316,54
"193","F","0","BS","FT","Z3","Z2","Z2","Z4","Z4","Z5","Wide",317,54
"194","F","1","FT","BT",NA,NA,"Z2","Z3","Z3","Z2","In",320,55
"195","DP","0","FT","FT",NA,"Z2","Z3","Z2","Z2","Z2","In",321,55
"196","F","1","FT","FT","Z2","Z3","Z2","Z2","Z2","Z5","In",322,55
"197","DP","0","BT","FT","Z3","Z2","Z2","Z5","Z5","Z5","In",323,55
"198","F","1","BS","BT","Z2","Z2","Z5","Z5","Z5","Z5","In",324,55
"199","DP","0","BT","BS","Z2","Z5","Z5","Z5","Z5","Z3","In",325,55
"200","F","1","FV","BT","Z5","Z5","Z5","Z3","Z3","Z5","In",326,55
"201","F","1","BT","BT",NA,NA,"Z5","Z5","Z5","Z4","In",330,56
"202","DP","0","BT","BT",NA,"Z5","Z5","Z4","Z5","Z5","In",331,56
"203","F","1","BS","BT","Z5","Z5","Z4","Z5","Z5","Z4","In",332,56
"204","DP","0","FT","BS","Z5","Z4","Z5","Z4","Z4","Z3","In",333,56
"205","F","1","FT","FT","Z4","Z5","Z4","Z3","Z3","Z3","In",334,56
"206","DP","0","FT","FT","Z5","Z4","Z3","Z3","Z2","Z5","In",335,56
"207","F","1","BS","FT","Z4","Z3","Z3","Z5","Z5","Z3","In",336,56
"208","DP","0","FT","BS","Z3","Z3","Z5","Z3","Z3","Z2","Wide",337,56
"209","F","1","BS","FS",NA,NA,"Z1","Z6","Z5","Z2","In",340,57
"210","F","1","BS","BS",NA,NA,"Z3","Z4","Z4","Z5","In",343,58
"211","DP","0","BS","BS",NA,"Z3","Z4","Z5","Z5","Z1","In",344,58
"212","F","1","FV","BS","Z3","Z4","Z5","Z1","Z1","Z2","In",345,58
"213","DP","1","FT","BS",NA,NA,"Z3","Z3","Z3","Z5","In",348,59
"214","F","0","BT","FT",NA,"Z3","Z3","Z5","Z5","Z2","In",349,59
"215","DP","1","FT","BT","Z3","Z3","Z5","Z2","Z2","Z3","In",350,59
"216","F","0","FT","FT","Z3","Z5","Z2","Z3","Z2","Z3","In",351,59
"217","DP","1","FT","FT","Z5","Z2","Z3","Z3","Z2","Z5","In",352,59
"218","F","0","BS","FT","Z2","Z3","Z3","Z5","Z4","Z4","Long",353,59
"219","DP","1","BT","BS",NA,NA,"Z5","Z5","Z5","Z4","In",356,60
"220","F","0","FT","BT",NA,"Z5","Z5","Z4","Z4","Z4","In",357,60
"221","DP","1","BT","FT","Z5","Z5","Z4","Z4","Z4","Z4","In",358,60
"222","F","0","FT","BT","Z5","Z4","Z4","Z4","Z4","Z2","In",359,60
"223","DP","1","FT","FT",NA,NA,"Z2","Z3","Z3","Z2","In",362,61
"224","F","0","FT","FT",NA,"Z2","Z3","Z2","Z2","Z4","Long",363,61
"225","DP","1","FT","BS",NA,NA,"Z2","Z2","Z2","Z5","In",366,62
"226","F","0","BS","FT",NA,"Z2","Z2","Z5","Z5","Z1","In",367,62
"227","DP","1","FT","BS","Z2","Z2","Z5","Z1","Z1","Z2","In",368,62
"228","F","1","FT","BT",NA,NA,"Z3","Z2","Z2","Z3","In",371,63
"229","DP","0","FT","FT",NA,"Z3","Z2","Z3","Z2","Z4","In",372,63
"230","F","1","BS","FT","Z3","Z2","Z3","Z4","Z4","Z5","In",373,63
"231","DP","0","BS","BS","Z2","Z3","Z4","Z5","Z5","Z5","In",374,63
"232","F","1","FT","BS","Z3","Z4","Z5","Z5","Z5","Z3","In",375,63
"233","DP","0","FT","FT","Z4","Z5","Z5","Z3","Z3","Z3","In",376,63
"234","F","1","FL","FT","Z5","Z5","Z3","Z3","Z3","Z5","In",377,63
"235","DP","0","BL","FL","Z5","Z3","Z3","Z5","Z5","Z4","In",378,63
"236","F","1","FO","BL","Z3","Z3","Z5","Z4","Z4","Z3","In",379,63
"237","DP","0","FT","FO","Z3","Z5","Z4","Z3","Z3","Z5","In",380,63
"238","F","1","FT","FT",NA,NA,"Z4","Z5","Z5","Z2","In",383,64
"239","DP","0","FT","FT",NA,"Z4","Z5","Z2","Z3","Z2","In",384,64
"240","F","1","FT","FT","Z4","Z5","Z2","Z2","Z2","Z2","In",385,64
"241","DP","0","FT","FT","Z5","Z2","Z2","Z2","Z2","Z4","In",386,64
"242","F","1","BS","FT","Z2","Z2","Z2","Z4","Z4","Z4","In",387,64
"243","F","1","FT","BS",NA,NA,"Z3","Z3","Z4","Z5","In",391,65
"244","DP","0","BT","FT",NA,"Z3","Z3","Z5","Z5","Z4","In",392,65
"245","F","1","FV","BT","Z3","Z3","Z5","Z4","Z4","Z4","Long",393,65
"246","F","1","FT","BT",NA,NA,"Z5","Z4","Z4","Z2","Wide",396,66
"247","F","1","FT","BT",NA,NA,"Z2","Z2","Z2","Z5","In",399,67
"248","F","1","FT","BT",NA,NA,"Z5","Z4","Z4","Z5","In",403,68
"249","DP","0","BS","FT",NA,"Z5","Z4","Z5","Z5","Z4","Long",404,68
"250","F","1","BS","BT",NA,NA,"Z3","Z5","Z5","Z4","In",407,69
"251","F","1","BS","FT",NA,NA,"Z4","Z5","Z5","Z5","In",411,70
"252","DP","0","BT","BS",NA,"Z4","Z5","Z5","Z5","Z2","In",412,70
"253","F","1","FT","BT","Z4","Z5","Z5","Z2","Z2","Z5","In",413,70
"254","DP","0","BT","FT","Z5","Z5","Z2","Z5","Z4","Z5","In",414,70
"255","F","1","FT","BS",NA,NA,"Z2","Z3","Z3","Z5","Long",418,71
"256","F","1","FT","BT",NA,NA,"Z5","Z4","Z4","Z5","In",421,72
"257","DP","0","BT","FT",NA,"Z5","Z4","Z5","Z5","Z4","In",422,72
"258","F","1","FT","BT","Z5","Z4","Z5","Z4","Z5","Z2","In",423,72
"259","F","1","FT","BS",NA,NA,"Z3","Z4","Z4","Z5","In",426,73
"260","DP","0","BT","FT",NA,"Z3","Z4","Z5","Z5","Z3","In",427,73
"261","F","1","FT","BT","Z3","Z4","Z5","Z3","Z3","Z3","In",428,73
"262","DP","0","FT","FT","Z4","Z5","Z3","Z3","Z3","Z5","In",429,73
"263","F","1","BS","FT","Z5","Z3","Z3","Z5","Z4","Z5","In",430,73
"264","DP","0","FT","BS","Z3","Z3","Z5","Z5","Z5","Z5","In",431,73
"265","F","1","BS","FT","Z3","Z5","Z5","Z5","Z5","Z4","In",432,73
"266","F","1","FT","FS",NA,NA,"Z1","Z4","Z4","Z4","In",436,74
"267","DP","0","FT","FT",NA,"Z1","Z4","Z4","Z4","Z4","In",437,74
"268","F","1","FT","FT","Z1","Z4","Z4","Z4","Z4","Z3","In",438,74
"269","DP","0","FT","FT","Z4","Z4","Z4","Z3","Z3","Z3","In",439,74
"270","F","1","FT","FT","Z4","Z4","Z3","Z3","Z3","Z3","In",440,74
"271","DP","0","FT","FT","Z4","Z3","Z3","Z3","Z2","Z2","Long",441,74
"272","DP","1","FT","BS",NA,NA,"Z5","Z4","Z4","Z5","In",446,76
"273","F","0","BS","FT",NA,"Z5","Z4","Z5","Z5","Z4","In",447,76
"274","DP","1","BT","FT",NA,NA,"Z3","Z3","Z3","Z4","In",453,78
"275","F","0","BS","BT",NA,"Z3","Z3","Z4","Z4","Z5","In",454,78
"276","DP","1","FT","BS",NA,NA,"Z5","Z3","Z3","Z3","In",458,79
"277","F","0","FT","FT",NA,"Z5","Z3","Z3","Z3","Z5","In",459,79
"278","DP","1","BT","FT","Z5","Z3","Z3","Z5","Z5","Z5","In",460,79
"279","F","0","BL","BT","Z3","Z3","Z5","Z5","Z5","Z2","In",461,79
"280","DP","1","FT","BL","Z3","Z5","Z5","Z2","Z2","Z3","In",462,79
"281","F","0","FT","FT","Z5","Z5","Z2","Z3","Z3","Z2","In",463,79
"282","DP","1","FT","FT","Z5","Z2","Z3","Z2","Z2","Z3","In",464,79
"283","F","0","FT","FT","Z2","Z3","Z2","Z3","Z3","Z5","In",465,79
"284","DP","1","BT","FT","Z3","Z2","Z3","Z5","Z5","Z4","In",466,79
"285","F","0","FT","BT","Z2","Z3","Z5","Z4","Z4","Z5","In",467,79
"286","DP","1","BT","FT","Z3","Z5","Z4","Z5","Z5","Z5","In",468,79
"287","F","0","BS","BT","Z5","Z4","Z5","Z5","Z5","Z3","In",469,79
"288","DP","1","FT","BS","Z4","Z5","Z5","Z3","Z3","Z2","Long",470,79
"289","DP","1","FT","BS",NA,NA,"Z5","Z5","Z5","Z5","In",476,81
"290","DP","1","BT","FS",NA,NA,"Z2","Z6","Z5","Z5","Long",479,82
"291","DP","1","FT","BS",NA,NA,"Z5","Z5","Z5","Z5","In",482,83
"292","F","0","BS","FT",NA,"Z5","Z5","Z5","Z5","Z3","In",483,83
"293","DP","1","FT","BS","Z5","Z5","Z5","Z3","Z3","Z2","In",484,83
"294","F","0","FT","FT","Z5","Z5","Z3","Z2","Z2","Z3","In",485,83
"295","DP","1","FT","FT","Z5","Z3","Z2","Z3","Z3","Z4","In",486,83
"296","F","0","BS","FT","Z3","Z2","Z3","Z4","Z4","Z5","In",487,83
"297","DP","1","BT","BS","Z2","Z3","Z4","Z5","Z5","Z4","In",488,83
"298","DP","1","BT","BS",NA,NA,"Z3","Z5","Z5","Z5","In",492,84
"299","F","0","BS","BT",NA,"Z3","Z5","Z5","Z5","Z2","In",493,84
"300","DP","1","FT","BS","Z3","Z5","Z5","Z2","Z3","Z2","In",494,84
"301","F","0","FL","FT","Z5","Z5","Z2","Z2","Z2","Z3","Long",495,84
"302","DP","1","FT","BS",NA,NA,"Z5","Z4","Z4","Z5","In",498,85
"303","F","0","BS","FT",NA,"Z5","Z4","Z5","Z5","Z4","In",499,85
"304","DP","1","FT","BS","Z5","Z4","Z5","Z4","Z4","Z4","In",500,85
"305","F","0","BS","FT","Z4","Z5","Z4","Z4","Z4","Z5","In",501,85
"306","DP","1","BT","BS","Z5","Z4","Z4","Z5","Z5","Z5","In",502,85
"307","F","0","BT","BT","Z4","Z4","Z5","Z5","Z5","Z2","In",503,85
"308","DP","1","FT","BT","Z4","Z5","Z5","Z2","Z2","Z2","In",504,85
"309","F","0","FT","FT","Z5","Z5","Z2","Z2","Z2","Z4","In",505,85
"310","DP","1","FT","FT","Z5","Z2","Z2","Z4","Z4","Z4","In",506,85
"311","F","0","BS","FT","Z2","Z2","Z4","Z4","Z4","Z4","In",507,85
"312","DP","1","BT","BS","Z2","Z4","Z4","Z4","Z4","Z5","In",508,85
"313","F","0","BS","BT","Z4","Z4","Z4","Z5","Z5","Z5","In",509,85
"314","DP","1","BS","BS","Z4","Z4","Z5","Z5","Z5","Z5","In",510,85
"315","F","0","FT","BS","Z4","Z5","Z5","Z5","Z5","Z2","In",511,85
"316","DP","1","FT","BS",NA,NA,"Z3","Z2","Z2","Z2","In",514,86
"317","DP","1","FT","BS",NA,NA,"Z5","Z5","Z5","Z4","In",517,87
"318","F","0","BL","FT",NA,"Z5","Z5","Z4","Z4","Z2","Long",518,87
"319","F","1","FT","FT",NA,NA,"Z2","Z3","Z3","Z5","In",521,88
"320","DP","0","BS","FT",NA,"Z2","Z3","Z5","Z5","Z6","In",522,88
"321","F","1","BV","BS","Z2","Z3","Z5","Z6","Z6","Z2","In",523,88
"322","DP","0","FT","BV","Z3","Z5","Z6","Z2","Z2","Z5","In",524,88
"323","F","1","BS","BT",NA,NA,"Z5","Z4","Z5","Z2","In",527,89
"324","F","1","FT","FT",NA,NA,"Z2","Z3","Z2","Z5","In",531,90
"325","DP","0","BT","FT",NA,"Z2","Z3","Z5","Z5","Z4","In",532,90
"326","F","1","BS","BT","Z2","Z3","Z5","Z4","Z4","Z3","In",533,90
"327","DP","0","FT","BS","Z3","Z5","Z4","Z3","Z4","Z5","In",534,90
"328","F","1","BS","FT","Z5","Z4","Z3","Z5","Z5","Z4","In",535,90
"329","DP","0","FT","BS","Z4","Z3","Z5","Z4","Z4","Z5","In",536,90
"330","F","1","BS","FT","Z3","Z5","Z4","Z5","Z5","Z5","In",537,90
"331","DP","0","FT","BS","Z5","Z4","Z5","Z5","Z5","Z2","In",538,90
"332","F","1","FT","FT","Z4","Z5","Z5","Z2","Z2","Z3","In",539,90
"333","DP","0","FT","FT","Z5","Z5","Z2","Z3","Z3","Z5","In",540,90
"334","F","1","BS","FT","Z5","Z2","Z3","Z5","Z5","Z5","In",541,90
"335","DP","0","FT","BS","Z2","Z3","Z5","Z5","Z5","Z5","Out",542,90
"336","DP","1","FT","BT",NA,NA,"Z3","Z3","Z3","Z2","In",547,92
"337","F","0","FS","FT",NA,"Z3","Z3","Z2","Z2","Z4","In",548,92
"338","DP","1","FT","FS","Z3","Z3","Z2","Z4","Z4","Z5","In",549,92
"339","DP","1","FT","BS",NA,NA,"Z3","Z4","Z4","Z5","In",555,94
"340","F","1","BS","FT",NA,NA,"Z2","Z5","Z5","Z5","In",562,96
"341","DP","0","BT","BS",NA,"Z2","Z5","Z5","Z5","Z4","In",563,96
"342","F","1","FT","BT","Z2","Z5","Z5","Z4","Z4","Z5","In",564,96
"343","DP","0","BT","FT","Z5","Z5","Z4","Z5","Z5","Z4","In",565,96
"344","F","1","BT","BT","Z5","Z4","Z5","Z4","Z4","Z4","In",566,96
"345","DP","0","FT","BT","Z4","Z5","Z4","Z4","Z4","Z5","In",567,96
"346","F","1","FT","FT","Z5","Z4","Z4","Z5","Z5","Z2","Long",568,96
"347","F","1","FO","FS",NA,NA,"Z2","Z5","Z5","Z4","In",571,97
"348","F","1","FL","FT",NA,NA,"Z2","Z3","Z3","Z4","Long",576,99
"349","F","1","BS","FT",NA,NA,"Z4","Z5","Z5","Z4","In",579,100
"350","DP","0","BT","BS",NA,"Z4","Z5","Z4","Z5","Z5","In",580,100
"351","F","1","BS","BT","Z4","Z5","Z4","Z5","Z5","Z1","In",581,100
"352","DP","0","FV","BS","Z5","Z4","Z5","Z1","Z1","Z3","In",582,100
"353","F","1","FT","BT",NA,NA,"Z3","Z4","Z4","Z2","In",585,101
"354","DP","0","FT","FT",NA,"Z3","Z4","Z2","Z2","Z4","In",586,101
"355","F","1","FT","FT","Z3","Z4","Z2","Z4","Z4","Z5","In",587,101
"356","DP","0","FT","FT","Z4","Z2","Z4","Z5","Z5","Z4","In",588,101
"357","F","1","BS","FT","Z2","Z4","Z5","Z4","Z4","Z3","In",589,101
"358","DP","0","FT","BS","Z4","Z5","Z4","Z3","Z2","Z5","Wide",590,101
"359","F","1","FT","BT",NA,NA,"Z5","Z4","Z4","Z5","In",593,102
"360","DP","0","BT","FT",NA,"Z5","Z4","Z5","Z5","Z5","In",594,102
"361","F","1","BS","BT","Z5","Z4","Z5","Z5","Z5","Z4","In",595,102
"362","DP","0","FT","BS","Z4","Z5","Z5","Z4","Z4","Z4","In",596,102
"363","F","1","BS","FT","Z5","Z5","Z4","Z4","Z4","Z5","In",597,102
"364","DP","0","FT","BS","Z5","Z4","Z4","Z5","Z5","Z4","In",598,102
"365","F","1","FT","FT","Z4","Z4","Z5","Z4","Z4","Z4","In",599,102
"366","DP","0","BT","FT","Z4","Z5","Z4","Z4","Z4","Z4","In",600,102
"367","F","1","BS","BT","Z5","Z4","Z4","Z4","Z4","Z4","In",601,102
"368","DP","0","FT","BS","Z4","Z4","Z4","Z4","Z4","Z2","In",602,102
"369","F","1","FT","BT",NA,NA,"Z3","Z3","Z3","Z3","In",608,104
"370","F","1","FT","BS",NA,NA,"Z5","Z5","Z5","Z5","In",612,105
"371","DP","0","BT","FT",NA,"Z5","Z5","Z5","Z5","Z4","In",613,105
"372","F","1","FT","BT","Z5","Z5","Z5","Z4","Z4","Z2","In",614,105
"373","DP","0","FT","FT","Z5","Z5","Z4","Z2","Z3","Z3","In",615,105
"374","F","1","FT","FT","Z5","Z4","Z2","Z3","Z3","Z2","In",616,105
"375","DP","0","FT","FT","Z4","Z2","Z3","Z2","Z2","Z2","In",617,105
"376","F","1","FT","FT","Z2","Z3","Z2","Z2","Z2","Z4","In",618,105
"377","DP","1","FT","BS",NA,NA,"Z3","Z3","Z2","Z2","In",622,106
"378","F","0","FT","FT",NA,"Z3","Z3","Z2","Z2","Z5","Long",623,106
"379","DP","1","BT","BS",NA,NA,"Z3","Z4","Z4","Z5","In",628,108
"380","F","0","BS","BT",NA,"Z3","Z4","Z5","Z5","Z5","In",629,108
"381","DP","1","BT","BS","Z3","Z4","Z5","Z5","Z5","Z2","In",630,108
"382","F","0","FS","BT","Z4","Z5","Z5","Z2","Z3","Z1","In",631,108
"383","DP","1","BT","FS","Z5","Z5","Z2","Z1","Z6","Z5","In",632,108
"384","F","1","FT","FT",NA,NA,"Z3","Z2","Z2","Z2","In",637,110
"385","DP","0","FT","FT",NA,"Z3","Z2","Z2","Z2","Z5","In",638,110
"386","F","1","BS","FT","Z3","Z2","Z2","Z5","Z5","Z5","In",639,110
"387","F","1","FT","BT",NA,NA,"Z3","Z3","Z3","Z4","In",645,112
"388","DP","0","BT","FT",NA,"Z3","Z3","Z4","Z4","Z4","In",646,112
"389","F","1","FT","BT","Z3","Z3","Z4","Z4","Z4","Z5","In",647,112
"390","DP","0","BT","FT","Z3","Z4","Z4","Z5","Z5","Z5","In",648,112
"391","F","1","BT","BT","Z4","Z4","Z5","Z5","Z5","Z4","In",649,112
"392","DP","0","FT","BT","Z4","Z5","Z5","Z4","Z4","Z5","In",650,112
"393","F","1","FS","BS",NA,NA,"Z5","Z3","Z3","Z6","In",654,113
"394","DP","0","BL","FS",NA,"Z5","Z3","Z6","Z5","Z4","In",655,113
"395","F","1","FL","BL","Z5","Z3","Z6","Z4","Z4","Z4","Long",656,113
"396","F","1","FT","FT",NA,NA,"Z3","Z3","Z3","Z2","In",659,114
"397","DP","0","FT","FT",NA,"Z3","Z3","Z2","Z2","Z5","In",660,114
"398","F","1","FT","BT",NA,NA,"Z5","Z3","Z3","Z5","In",663,115
"399","DP","0","BT","FT",NA,"Z5","Z3","Z5","Z5","Z6","In",664,115
"400","F","1","BV","BT","Z5","Z3","Z5","Z6","Z6","Z2","In",665,115
"401","DP","0","FT","BV","Z3","Z5","Z6","Z2","Z2","Z5","In",666,115
"402","DP","1","BT","FS",NA,NA,"Z2","Z5","Z5","Z5","In",669,116
"403","DP","1","FT","BS",NA,NA,"Z5","Z3","Z3","Z5","In",673,117
"404","F","0","BL","FT",NA,"Z5","Z3","Z5","Z5","Z4","In",674,117
"405","DP","1","FT","BL","Z5","Z3","Z5","Z4","Z5","Z5","In",675,117
"406","F","0","BT","FT","Z3","Z5","Z4","Z5","Z5","Z4","In",676,117
"407","DP","1","FT","BT","Z5","Z4","Z5","Z4","Z4","Z2","In",677,117
"408","F","0","FT","FT","Z4","Z5","Z4","Z2","Z2","Z4","In",678,117
"409","DP","1","FT","FT","Z5","Z4","Z2","Z4","Z4","Z5","In",679,117
"410","DP","1","FT","BS",NA,NA,"Z5","Z5","Z5","Z2","In",684,119
"411","F","0","FT","FT",NA,"Z5","Z5","Z2","Z3","Z3","In",685,119
"412","DP","1","FT","FT","Z5","Z5","Z2","Z3","Z3","Z3","Long",686,119
"413","F","1","FT","BS",NA,NA,"Z4","Z4","Z4","Z2","In",691,121
"414","DP","0","FS","FT",NA,"Z4","Z4","Z2","Z2","Z4","In",692,121
"415","F","1","FO","FS","Z4","Z4","Z2","Z4","Z4","Z2","In",693,121
"416","DP","0","FS","FO","Z4","Z2","Z4","Z2","Z2","Z4","Long",694,121
"417","F","1","FS","BT",NA,NA,"Z2","Z4","Z4","Z5","Long",697,122
"418","F","1","FS","FT",NA,NA,"Z4","Z2","Z3","Z5","In",702,124
"419","DP","0","FT","FS",NA,"Z4","Z2","Z5","Z5","Z2","Wide",703,124
"420","DP","1","BT","FT",NA,NA,"Z2","Z5","Z4","Z5","In",706,125
"421","F","0","BS","BT",NA,"Z2","Z5","Z5","Z5","Z5","In",707,125
"422","DP","1","BT","BS","Z2","Z5","Z5","Z5","Z5","Z4","In",708,125
"423","F","0","FT","BT","Z5","Z5","Z5","Z4","Z4","Z2","In",709,125
"424","DP","1","FT","FT","Z5","Z5","Z4","Z2","Z2","Z2","In",710,125
"425","F","1","FT","FT",NA,NA,"Z2","Z3","Z3","Z3","In",715,127
"426","DP","0","FT","FT",NA,"Z2","Z3","Z3","Z3","Z5","In",716,127
"427","F","1","BS","FT","Z2","Z3","Z3","Z5","Z5","Z3","In",717,127
"428","DP","0","FT","BS","Z3","Z3","Z5","Z3","Z3","Z3","In",718,127
"429","F","1","FT","FT","Z3","Z5","Z3","Z3","Z3","Z3","In",719,127
"430","DP","0","FT","FT","Z5","Z3","Z3","Z3","Z3","Z5","In",720,127
"431","F","1","BS","FT","Z3","Z3","Z3","Z5","Z5","Z5","In",721,127
"432","DP","0","FT","BS","Z3","Z3","Z5","Z5","Z5","Z4","In",722,127
"433","F","1","FT","FT","Z3","Z5","Z5","Z4","Z4","Z5","In",723,127
"434","DP","0","BS","FT","Z5","Z5","Z4","Z5","Z5","Z5","In",724,127
"435","F","1","FT","BS","Z5","Z4","Z5","Z5","Z5","Z1","In",725,127
"436","DP","0","FS","FT","Z4","Z5","Z5","Z1","Z2","Z3","In",726,127
"437","F","1","FO","FS","Z5","Z5","Z1","Z3","Z3","Z5","In",727,127
"438","DP","0","BL","FO","Z5","Z1","Z3","Z5","Z5","Z4","Long",728,127
"439","DP","1","FT","BS",NA,NA,"Z5","Z4","Z4","Z5","In",731,128
"440","F","0","FT","FT",NA,"Z5","Z4","Z5","Z5","Z4","Long",732,128
"441","DP","1","BT","BS",NA,NA,"Z2","Z5","Z4","Z5","In",735,129
"442","F","1","FT","BT",NA,NA,"Z5","Z3","Z4","Z5","In",739,130
"443","DP","0","BT","FT",NA,"Z5","Z3","Z5","Z5","Z4","In",740,130
"444","F","1","FT","BT","Z5","Z3","Z5","Z4","Z4","Z2","In",741,130
"445","DP","0","FT","FT","Z3","Z5","Z4","Z2","Z3","Z3","In",742,130
"446","F","1","FT","FT","Z5","Z4","Z2","Z3","Z3","Z4","In",743,130
"447","DP","0","BT","FT","Z4","Z2","Z3","Z4","Z4","Z5","In",744,130
"448","F","1","BS","BT","Z2","Z3","Z4","Z5","Z5","Z5","In",745,130
"449","DP","0","FT","BS","Z3","Z4","Z5","Z5","Z5","Z5","In",746,130
"450","F","1","BS","FT","Z4","Z5","Z5","Z5","Z5","Z2","In",747,130
"451","F","1","FT","FT",NA,NA,"Z2","Z3","Z3","Z2","Long",751,131
"452","DP","1","FT","BS",NA,NA,"Z5","Z4","Z4","Z3","In",754,132
"453","DP","1","BT","BS",NA,NA,"Z3","Z5","Z6","Z2","In",757,133
"454","F","1","FT","FT",NA,NA,"Z4","Z4","Z4","Z5","In",760,134
"455","DP","0","BT","FT",NA,"Z4","Z4","Z5","Z5","Z5","In",761,134
"456","F","1","BT","BT","Z4","Z4","Z5","Z5","Z5","Z4","In",762,134
"457","DP","0","FT","BT","Z4","Z5","Z5","Z4","Z4","Z2","In",763,134
"458","F","1","FT","FT","Z5","Z5","Z4","Z2","Z2","Z4","In",764,134
"459","DP","0","FT","FT","Z5","Z4","Z2","Z4","Z4","Z5","In",765,134
"460","F","1","BS","FT","Z4","Z2","Z4","Z5","Z5","Z4","In",766,134
"461","DP","0","FT","BS","Z2","Z4","Z5","Z4","Z4","Z2","In",767,134
"462","F","1","FS","FT","Z4","Z5","Z4","Z2","Z2","Z4","In",768,134
"463","DP","0","FO","FS","Z5","Z4","Z2","Z4","Z4","Z5","Long",769,134
"464","DP","1","FT","BS",NA,NA,"Z5","Z5","Z5","Z5","In",774,136
"465","F","1","FT","BS",NA,NA,"Z3","Z2","Z2","Z2","In",777,137
"466","F","1","BS","BT",NA,NA,"Z5","Z5","Z5","Z3","In",780,138
"467","DP","0","FT","BS",NA,"Z5","Z5","Z3","Z4","Z2","In",781,138
"468","F","1","FT","FT","Z5","Z5","Z3","Z2","Z2","Z2","In",782,138
"469","DP","0","FT","FT","Z5","Z3","Z2","Z2","Z2","Z5","In",783,138
"470","F","1","BS","FT","Z3","Z2","Z2","Z5","Z4","Z3","In",784,138
"471","DP","0","FT","BS","Z2","Z2","Z5","Z3","Z3","Z2","In",785,138
"472","F","1","FT","FT","Z2","Z5","Z3","Z2","Z2","Z5","In",786,138
"473","DP","0","BT","FT","Z5","Z3","Z2","Z5","Z5","Z3","In",787,138
"474","F","1","FT","BT","Z3","Z2","Z5","Z3","Z3","Z2","In",788,138
"475","DP","0","FT","FT","Z2","Z5","Z3","Z2","Z2","Z4","Long",789,138
"476","DP","1","FT","BT",NA,NA,"Z5","Z4","Z4","Z2","In",794,140
"477","F","0","FS","FT",NA,"Z5","Z4","Z2","Z2","Z4","In",795,140
"478","DP","1","FT","FS","Z5","Z4","Z2","Z4","Z4","Z5","In",796,140
"479","F","0","BS","FT","Z4","Z2","Z4","Z5","Z5","Z4","In",797,140
"480","DP","1","FT","BS","Z2","Z4","Z5","Z4","Z4","Z3","In",798,140
"481","F","0","FT","FT","Z4","Z5","Z4","Z3","Z3","Z3","In",799,140
"482","DP","1","FT","FT","Z5","Z4","Z3","Z3","Z2","Z5","In",800,140
"483","F","0","BS","FT","Z4","Z3","Z3","Z5","Z5","Z5","Long",801,140
"484","F","1","FT","FT",NA,NA,"Z2","Z4","Z3","Z4","In",816,146
"485","DP","0","BT","FT",NA,"Z2","Z4","Z4","Z4","Z2","In",817,146
"486","F","1","FT","FT",NA,NA,"Z4","Z4","Z4","Z3","In",820,147
"487","DP","0","FT","FT",NA,"Z4","Z4","Z3","Z3","Z5","Wide",821,147
"488","F","1","BS","BT",NA,NA,"Z2","Z5","Z5","Z5","In",824,148
"489","DP","0","BT","BS",NA,"Z2","Z5","Z5","Z5","Z5","In",825,148
"490","F","1","BS","BT","Z2","Z5","Z5","Z5","Z5","Z4","In",826,148
"491","DP","0","BT","BS","Z5","Z5","Z5","Z4","Z5","Z2","Long",827,148
"492","F","1","FO","BS",NA,NA,"Z5","Z5","Z5","Z5","In",830,149
"493","DP","1","FT","BS",NA,NA,"Z5","Z4","Z4","Z4","In",835,151
"494","F","0","BS","FT",NA,"Z5","Z4","Z4","Z4","Z4","In",836,151
"495","DP","1","FT","BS","Z5","Z4","Z4","Z5","Z5","Z4","In",837,151
"496","F","0","BS","FT","Z4","Z4","Z4","Z4","Z5","Z2","In",838,151
"497","DP","1","FT","FT",NA,NA,"Z2","Z2","Z2","Z5","In",841,152
"498","F","0","BS","FT",NA,"Z2","Z2","Z5","Z5","Z5","In",842,152
"499","DP","1","BT","BS","Z2","Z2","Z5","Z5","Z5","Z5","In",843,152
"500","F","0","BS","BT","Z2","Z5","Z5","Z5","Z5","Z5","In",844,152
"501","DP","1","BT","BS","Z5","Z5","Z5","Z5","Z5","Z4","In",845,152
"502","F","0","FT","BT","Z5","Z5","Z5","Z4","Z4","Z5","Wide",846,152
"503","DP","1","FT","FT",NA,NA,"Z4","Z4","Z4","Z3","In",849,153
"504","F","0","FT","FT",NA,"Z4","Z4","Z3","Z3","Z4","In",850,153
"505","DP","1","BT","FT","Z4","Z4","Z3","Z4","Z4","Z4","In",851,153
"506","F","0","FT","BT","Z4","Z3","Z4","Z4","Z4","Z3","In",852,153
"507","DP","1","FT","FT","Z3","Z4","Z4","Z3","Z3","Z2","In",853,153
"508","F","0","FT","FT","Z4","Z4","Z3","Z2","Z2","Z3","In",854,153
"509","DP","1","FT","FT","Z4","Z3","Z2","Z3","Z2","Z4","In",855,153
"510","DP","1","FT","BS",NA,NA,"Z3","Z3","Z3","Z2","In",859,154
"511","F","0","FS","FT",NA,"Z3","Z3","Z2","Z2","Z4","Long",860,154
"512","F","1","BS","FT",NA,NA,"Z2","Z5","Z4","Z4","In",863,155
"513","DP","0","BT","BS",NA,"Z2","Z5","Z4","Z4","Z3","In",864,155
"514","F","1","FT","BT","Z2","Z5","Z4","Z3","Z3","Z3","Long",865,155
"515","F","1","FT","FT",NA,NA,"Z2","Z3","Z3","Z3","In",870,157
"516","DP","0","FT","FT",NA,"Z2","Z3","Z3","Z3","Z3","Long",871,157
"517","F","1","FT","BT",NA,NA,"Z5","Z4","Z4","Z2","In",874,158
"518","DP","1","FT","FT",NA,NA,"Z4","Z4","Z4","Z5","In",881,161
"519","F","0","BS","FT",NA,"Z4","Z4","Z5","Z5","Z3","In",882,161
"520","DP","1","FT","BS","Z4","Z4","Z5","Z3","Z3","Z2","In",883,161
"521","F","0","FS","FT","Z4","Z5","Z3","Z2","Z2","Z4","Long",884,161
"522","DP","1","FT","FS",NA,NA,"Z2","Z3","Z3","Z3","In",887,162
"523","F","0","FT","FT",NA,"Z2","Z3","Z3","Z3","Z3","In",888,162
"524","DP","1","FT","FT","Z2","Z3","Z3","Z3","Z3","Z3","In",889,162
"525","F","1","FT","FT",NA,NA,"Z2","Z3","Z3","Z5","In",895,164
"526","F","1","FT","BS",NA,NA,"Z5","Z4","Z4","Z5","In",898,165
"527","F","1","FT","BT",NA,NA,"Z5","Z4","Z4","Z4","In",904,167
"528","DP","0","FT","FT",NA,"Z5","Z4","Z4","Z4","Z5","In",905,167
"529","F","1","BT","FT","Z5","Z4","Z4","Z5","Z5","Z4","In",906,167
"530","DP","0","FT","BT","Z4","Z4","Z5","Z4","Z4","Z5","In",907,167
"531","F","1","BS","FT","Z4","Z5","Z4","Z5","Z5","Z4","In",908,167
"532","DP","0","FT","BS","Z5","Z4","Z5","Z4","Z4","Z2","In",909,167
"533","F","1","FT","FT","Z4","Z5","Z4","Z2","Z2","Z3","Long",910,167
"534","F","1","FT","FT",NA,NA,"Z2","Z3","Z3","Z2","Wide",913,168
"535","F","1","BT","FT",NA,NA,"Z4","Z5","Z5","Z4","In",916,169
"536","DP","0","BT","BT",NA,"Z4","Z5","Z4","Z4","Z5","In",917,169
"537","F","1","BS","BT","Z4","Z5","Z4","Z5","Z5","Z3","In",918,169
"538","DP","0","FT","BS","Z5","Z4","Z5","Z3","Z3","Z2","In",919,169
"539","F","1","FT","FT","Z4","Z5","Z3","Z2","Z2","Z3","Long",920,169
"540","DP","1","FT","FT",NA,NA,"Z2","Z3","Z3","Z5","Wide",923,170
"541","DP","1","FT","BS",NA,NA,"Z5","Z4","Z4","Z3","In",926,171
"542","F","0","FT","FT",NA,"Z5","Z4","Z3","Z3","Z4","In",927,171
"543","DP","1","FT","FT","Z5","Z4","Z3","Z4","Z4","Z2","In",928,171
"544","F","0","FT","FT","Z4","Z3","Z4","Z2","Z2","Z5","In",929,171
"545","DP","1","FT","FT","Z3","Z4","Z2","Z5","Z5","Z5","In",930,171
"546","F","0","BS","FT","Z4","Z2","Z5","Z5","Z5","Z3","In",931,171
"547","DP","1","FT","BS","Z2","Z5","Z5","Z3","Z3","Z5","In",932,171
"548","F","0","BS","FT","Z5","Z5","Z3","Z5","Z5","Z5","In",933,171
"549","DP","1","BT","BS","Z5","Z3","Z5","Z5","Z5","Z4","In",934,171
"550","F","0","BS","BT","Z3","Z5","Z5","Z4","Z4","Z3","In",935,171
"551","DP","1","FT","BS","Z5","Z5","Z4","Z3","Z2","Z5","In",936,171
"552","F","0","BS","FT","Z5","Z4","Z3","Z5","Z4","Z5","In",937,171
"553","DP","1","FT","FT",NA,NA,"Z3","Z3","Z3","Z2","In",940,172
"554","F","0","FT","FT",NA,"Z3","Z3","Z2","Z2","Z3","In",941,172
"555","DP","1","FT","FT","Z3","Z3","Z2","Z3","Z3","Z4","Long",942,172
"556","DP","1","BT","BS",NA,NA,"Z5","Z5","Z5","Z5","In",945,173
"557","DP","1","FT","FT",NA,NA,"Z3","Z3","Z3","Z2","In",949,174
"558","F","0","FT","FT",NA,"Z3","Z3","Z2","Z2","Z2","In",950,174
"559","DP","1","FT","FT","Z3","Z3","Z2","Z2","Z2","Z5","In",951,174
"560","F","0","BS","FT","Z3","Z2","Z2","Z5","Z5","Z5","In",952,174
"561","DP","1","BS","BS","Z2","Z2","Z5","Z5","Z5","Z5","In",953,174
"562","F","0","BS","BS","Z2","Z5","Z5","Z5","Z5","Z5","In",954,174
"563","DP","1","BT","BS","Z5","Z5","Z5","Z5","Z5","Z4","In",955,174
"564","F","0","FT","BT","Z5","Z5","Z5","Z4","Z4","Z4","In",956,174
"565","DP","1","BT","FT","Z5","Z5","Z4","Z4","Z5","Z4","In",957,174
"566","F","0","FT","BT","Z5","Z4","Z4","Z4","Z4","Z3","In",958,174
"567","DP","1","FT","FT","Z4","Z4","Z4","Z3","Z3","Z2","In",959,174
"568","F","0","FS","FT","Z4","Z4","Z3","Z2","Z2","Z4","In",960,174
"569","DP","1","FT","FS","Z4","Z3","Z2","Z4","Z4","Z5","In",961,174
"570","F","0","BT","FT","Z3","Z2","Z4","Z5","Z5","Z4","In",962,174
"571","DP","1","FT","BT","Z2","Z4","Z5","Z4","Z4","Z3","In",963,174
"572","F","0","FT","FT","Z4","Z5","Z4","Z3","Z3","Z3","Long",964,174
"573","DP","1","FT","BS",NA,NA,"Z5","Z4","Z4","Z3","In",967,175
"574","F","0","FT","FT",NA,"Z5","Z4","Z3","Z3","Z3","In",968,175
"575","DP","1","FT","FT","Z5","Z4","Z3","Z3","Z3","Z4","In",969,175
"576","F","0","FT","FT","Z4","Z3","Z3","Z4","Z4","Z5","In",970,175
"577","DP","1","BT","FT","Z3","Z3","Z4","Z5","Z5","Z5","Long",971,175
"578","F","1","FT","BT",NA,NA,"Z3","Z4","Z4","Z4","Long",976,177
"579","F","1","BS","FT",NA,NA,"Z4","Z5","Z5","Z4","In",979,178
"580","DP","0","FT","BS",NA,"Z4","Z5","Z4","Z4","Z2","In",980,178
"581","F","1","FT","FT","Z4","Z5","Z4","Z2","Z2","Z2","In",981,178
"582","DP","0","FT","FT","Z5","Z4","Z2","Z2","Z2","Z5","In",982,178
"583","F","1","BT","FT","Z4","Z2","Z2","Z5","Z5","Z5","In",983,178
"584","DP","0","BT","BT","Z2","Z2","Z5","Z5","Z5","Z5","In",984,178
"585","F","1","BS","BT","Z2","Z5","Z5","Z5","Z5","Z3","In",985,178
"586","DP","0","FT","BS","Z5","Z5","Z5","Z3","Z3","Z2","In",986,178
"587","F","1","FT","FT",NA,NA,"Z2","Z2","Z2","Z2","In",990,179
"588","DP","0","FT","FT",NA,"Z2","Z2","Z2","Z2","Z4","In",991,179
"589","DP","1","BT","FS",NA,NA,"Z2","Z4","Z4","Z5","In",1001,183
"590","F","0","BS","BT",NA,"Z2","Z4","Z5","Z5","Z2","In",1002,183
"591","DP","1","FT","BS","Z2","Z4","Z5","Z2","Z3","Z2","In",1003,183
"592","F","0","FL","FT","Z4","Z5","Z2","Z2","Z2","Z2","In",1004,183
"593","DP","1","FT","FT",NA,NA,"Z4","Z4","Z4","Z5","In",1008,184
"594","F","0","BS","FT",NA,"Z4","Z4","Z5","Z5","Z4","In",1009,184
"595","DP","1","FT","BS","Z4","Z4","Z5","Z4","Z4","Z5","In",1010,184
"596","F","0","BS","FT","Z4","Z5","Z4","Z5","Z5","Z5","In",1011,184
"597","DP","1","BT","BS","Z5","Z4","Z5","Z5","Z5","Z4","In",1012,184
"598","F","0","BT","BT","Z4","Z5","Z5","Z4","Z4","Z4","In",1013,184
"599","DP","1","FT","BT","Z5","Z5","Z4","Z4","Z4","Z2","In",1014,184
"600","F","0","FS","FT","Z5","Z4","Z4","Z2","Z2","Z3","In",1015,184
"601","DP","1","FT","FS","Z4","Z4","Z2","Z3","Z3","Z4","In",1016,184
"602","F","0","BT","FT","Z4","Z2","Z3","Z4","Z4","Z5","In",1017,184
"603","DP","1","BT","BT","Z2","Z3","Z4","Z5","Z5","Z2","In",1018,184
"604","F","0","FT","BT","Z3","Z4","Z5","Z2","Z3","Z2","In",1019,184
"605","DP","1","FS","FT","Z4","Z5","Z2","Z2","Z2","Z3","In",1020,184
"606","F","0","FV","FS","Z5","Z2","Z2","Z3","Z3","Z1","In",1021,184
"607","DP","1","FT","BS",NA,NA,"Z3","Z4","Z4","Z5","In",1024,185
"608","F","0","BS","FT",NA,"Z3","Z4","Z5","Z5","Z3","In",1025,185
"609","DP","1","FT","BS","Z3","Z4","Z5","Z3","Z3","Z2","In",1026,185
"610","F","1","FT","FT",NA,NA,"Z2","Z3","Z3","Z5","In",1031,187
"611","DP","0","FT","FT",NA,"Z2","Z3","Z5","Z5","Z4","In",1032,187
"612","F","1","FT","FT","Z2","Z3","Z5","Z4","Z4","Z3","In",1033,187
"613","DP","0","FT","FT","Z3","Z5","Z4","Z3","Z3","Z2","In",1034,187
"614","F","1","BT","BT",NA,NA,"Z5","Z5","Z5","Z4","In",1038,188
"615","DP","0","FS","BT",NA,"Z5","Z5","Z4","Z4","Z2","Wide",1039,188
"616","F","1","BS","FT",NA,NA,"Z4","Z5","Z5","Z5","In",1044,190
"617","DP","0","BT","BS",NA,"Z4","Z5","Z5","Z5","Z2","In",1045,190
"618","F","1","FT","BT","Z4","Z5","Z5","Z2","Z2","Z2","In",1046,190
"619","DP","0","FT","FT","Z5","Z5","Z2","Z2","Z2","Z2","In",1047,190
"620","F","1","FT","FT",NA,NA,"Z2","Z3","Z3","Z4","In",1051,191
"621","DP","0","BT","FT",NA,"Z2","Z3","Z4","Z4","Z3","In",1052,191
"622","F","1","FT","BT","Z2","Z3","Z4","Z3","Z3","Z2","In",1053,191
"623","DP","0","FV","FT","Z3","Z4","Z3","Z2","Z2","Z5","Long",1054,191
"624","DP","1","FT","BS",NA,NA,"Z3","Z3","Z3","Z2","In",1057,192
"625","F","0","FT","FT",NA,"Z3","Z3","Z2","Z2","Z2","In",1058,192
"626","DP","1","FT","FT","Z3","Z3","Z2","Z2","Z2","Z5","In",1059,192
"627","F","0","BS","FT","Z3","Z2","Z2","Z5","Z5","Z5","In",1060,192
"628","DP","1","BS","BS",NA,NA,"Z5","Z4","Z5","Z2","In",1064,193
"629","F","0","FS","BS",NA,"Z5","Z4","Z2","Z2","Z2","Wide",1065,193
"630","DP","1","BT","BS",NA,NA,"Z3","Z5","Z5","Z5","In",1068,194
"631","F","0","BS","BT",NA,"Z3","Z5","Z5","Z5","Z2","In",1069,194
"632","DP","1","FT","BS","Z3","Z5","Z5","Z2","Z3","Z4","In",1070,194
"633","F","0","BS","FT","Z5","Z5","Z2","Z4","Z4","Z4","In",1071,194
"634","DP","1","FT","BS","Z5","Z2","Z4","Z4","Z4","Z5","In",1072,194
"635","F","0","BS","FT","Z2","Z4","Z4","Z5","Z5","Z5","In",1073,194
"636","DP","1","BT","BS","Z4","Z4","Z5","Z5","Z5","Z2","In",1074,194
"637","F","0","FT","BT","Z4","Z5","Z5","Z2","Z2","Z5","In",1075,194
"638","DP","1","BS","FT","Z5","Z5","Z2","Z5","Z5","Z5","In",1076,194
"639","F","0","BS","BS","Z5","Z2","Z5","Z5","Z5","Z5","In",1077,194
"640","DP","1","BS","BS","Z2","Z5","Z5","Z5","Z5","Z6","Wide",1078,194
"641","DP","1","FT","BS",NA,NA,"Z5","Z4","Z4","Z2","Wide",1081,195
"642","DP","1","FT","FS",NA,NA,"Z2","Z5","Z4","Z2","In",1084,196
"643","DP","1","FT","FS",NA,NA,"Z4","Z4","Z4","Z5","In",1087,197
"644","DP","1","FT","BS",NA,NA,"Z3","Z4","Z4","Z4","In",1090,198
"645","F","0","FT","FT",NA,"Z3","Z4","Z4","Z4","Z2","Wide",1091,198
"646","DP","1","BT","BS",NA,NA,"Z5","Z5","Z5","Z5","In",1094,199
"647","F","0","BT","BT",NA,"Z5","Z5","Z5","Z5","Z2","In",1095,199
"648","DP","1","FT","BT","Z5","Z5","Z5","Z2","Z2","Z2","In",1096,199
"649","F","0","FT","FT","Z5","Z5","Z2","Z2","Z2","Z2","In",1097,199
"650","DP","1","FT","FT","Z5","Z2","Z2","Z2","Z2","Z4","In",1098,199
"651","F","0","BS","FT","Z2","Z2","Z2","Z4","Z4","Z2","In",1099,199
"652","DP","1","FT","BS","Z2","Z2","Z4","Z2","Z2","Z3","In",1100,199
"653","F","0","FT","FT","Z2","Z4","Z2","Z3","Z3","Z4","In",1101,199
"654","DP","1","FT","FT","Z4","Z2","Z3","Z4","Z3","Z4","In",1102,199
"655","F","0","FT","FT","Z2","Z3","Z4","Z4","Z4","Z2","In",1103,199
"656","DP","1","FT","FT","Z3","Z4","Z4","Z2","Z2","Z2","In",1104,199
"657","F","1","FT","BT",NA,NA,"Z3","Z3","Z3","Z2","In",1111,202
"658","F","1","FO","FL","Z3","Z3","Z2","AT_NET","Z1","Z5","In",1113,202
"659","F","1","FT","FT",NA,NA,"Z4","Z4","Z4","Z2","In",1116,203
"660","DP","0","FT","FT",NA,"Z4","Z4","Z2","Z2","Z2","In",1117,203
"661","F","1","FT","BS",NA,NA,"Z3","Z3","Z3","Z2","In",1120,204
"662","DP","0","FT","FT",NA,"Z3","Z3","Z2","Z2","Z2","Long",1121,204
"663","DP","1","BT","BT",NA,NA,"Z3","Z4","Z4","Z5","In",1124,205
"664","F","0","BS","BT",NA,"Z3","Z4","Z5","Z5","Z5","In",1125,205
"665","DP","1","BT","BS","Z3","Z4","Z5","Z5","Z5","Z5","In",1126,205
"666","DP","1","FT","BS",NA,NA,"Z5","Z3","Z3","Z2","In",1130,206
"667","F","0","FT","FT",NA,"Z5","Z3","Z2","Z2","Z3","In",1131,206
"668","DP","1","FT","FT","Z5","Z3","Z2","Z3","Z3","Z4","In",1132,206
"669","F","0","BT","FT","Z3","Z2","Z3","Z4","Z4","Z4","In",1133,206
"670","DP","1","BT","BT","Z2","Z3","Z4","Z4","Z5","Z5","In",1134,206
"671","F","0","BS","BT","Z3","Z4","Z4","Z5","Z5","Z5","In",1135,206
"672","DP","1","BT","BS","Z4","Z4","Z5","Z5","Z5","Z5","In",1136,206
"673","F","0","BS","BT","Z4","Z5","Z5","Z5","Z5","Z4","In",1137,206
"674","DP","1","FT","BS","Z5","Z5","Z5","Z4","Z4","Z4","In",1138,206
"675","DP","1","FT","FS",NA,NA,"Z4","Z3","Z4","Z3","Long",1145,208
"676","DP","1","FT","BT",NA,NA,"Z3","Z2","Z2","Z2","In",1148,209
"677","F","0","FT","FT",NA,"Z3","Z2","Z2","Z2","Z4","In",1149,209
"678","DP","1","FT","FT",NA,NA,"Z5","Z2","Z2","Z2","In",1153,210
"679","DP","1","BS","BS",NA,NA,"Z2","Z5","Z5","Z5","In",1156,211
"680","F","0","BT","BS",NA,"Z2","Z5","Z5","Z5","Z4","In",1157,211
"681","DP","1","BT","BT","Z2","Z5","Z5","Z4","Z5","Z5","In",1158,211
"682","F","0","BS","BT","Z5","Z5","Z4","Z5","Z5","Z5","Wide",1159,211
"683","F","1","FT","BT",NA,NA,"Z3","Z4","Z3","Z3","In",1164,213
"684","DP","0","FT","FT",NA,"Z3","Z4","Z3","Z3","Z4","In",1165,213
"685","F","1","FT","FT","Z3","Z4","Z3","Z4","Z4","Z5","In",1166,213
"686","DP","0","BS","FT","Z4","Z3","Z4","Z5","Z5","Z2","In",1167,213
"687","F","1","FT","BS","Z3","Z4","Z5","Z2","Z2","Z3","In",1168,213
"688","DP","0","FT","FT","Z4","Z5","Z2","Z2","Z2","Z5","In",1169,213
"689","F","1","BT","BT",NA,NA,"Z5","Z4","Z4","Z4","In",1172,214
"690","DP","0","FT","BT",NA,"Z5","Z4","Z4","Z4","Z4","In",1173,214
"691","F","1","BT","FT","Z5","Z4","Z4","Z4","Z4","Z4","In",1174,214
"692","DP","0","FT","BT","Z4","Z4","Z4","Z4","Z4","Z2","In",1175,214
"693","F","1","FS","FT","Z4","Z4","Z4","Z2","Z2","Z5","Wide",1176,214
"694","F","1","FT","BT",NA,NA,"Z3","Z2","Z2","Z5","In",1179,215
"695","DP","0","BT","FT",NA,"Z3","Z2","Z5","Z4","Z4","In",1180,215
"696","F","1","BS","BT","Z3","Z2","Z5","Z4","Z4","Z5","Wide",1181,215
"697","F","1","BS","BT",NA,NA,"Z5","Z5","Z5","Z5","In",1184,216
"698","DP","0","BT","BS",NA,"Z5","Z5","Z5","Z5","Z4","In",1185,216
"699","F","1","FT","BT","Z5","Z5","Z5","Z4","Z4","Z5","Out",1186,216
"700","DP","1","FT","BS",NA,NA,"Z3","Z4","Z3","Z5","In",1189,217
"701","F","0","BS","FT",NA,"Z3","Z4","Z5","Z5","Z4","In",1190,217
"702","DP","1","BT","BS","Z3","Z4","Z5","Z4","Z4","Z5","In",1191,217
"703","F","0","BS","BT","Z4","Z5","Z4","Z5","Z5","Z5","In",1192,217
"704","DP","1","BT","BS","Z5","Z4","Z5","Z5","Z5","Z3","In",1193,217
"705","F","0","FT","BT","Z4","Z5","Z5","Z3","Z3","Z3","In",1194,217
"706","DP","1","FT","FT","Z5","Z5","Z3","Z3","Z2","Z3","In",1195,217
"707","F","0","FT","FT","Z5","Z3","Z3","Z3","Z3","Z4","In",1196,217
"708","DP","1","BT","FT","Z3","Z3","Z3","Z4","Z4","Z4","In",1197,217
"709","F","0","BS","BT","Z3","Z3","Z4","Z4","Z4","Z2","In",1198,217
"710","DP","1","FT","BS","Z3","Z4","Z4","Z2","Z3","Z5","In",1199,217
"711","F","0","BS","FT","Z4","Z4","Z2","Z5","Z5","Z5","In",1200,217
"712","DP","1","BT","BS","Z4","Z2","Z5","Z5","Z5","Z4","In",1201,217
"713","F","0","BS","BT","Z2","Z5","Z5","Z4","Z5","Z2","In",1202,217
"714","DP","1","FT","BS","Z5","Z5","Z4","Z2","Z2","Z2","In",1203,217
"715","F","0","FT","FT","Z5","Z4","Z2","Z2","Z2","Z5","In",1204,217
"716","DP","1","BS","FT","Z4","Z2","Z2","Z5","Z5","Z2","In",1205,217
"717","F","0","FV","BS","Z2","Z2","Z5","Z2","Z2","Z3","In",1206,217
"718","DP","1","FV","FV","Z2","Z5","Z2","Z3","Z2","Z5","In",1207,217
"719","DP","1","BT","BS",NA,NA,"Z5","Z4","Z4","Z5","In",1210,218
"720","DP","1","FT","BS",NA,NA,"Z2","Z3","Z3","Z2","In",1214,219
"721","DP","1","BS","BS",NA,NA,"Z5","Z5","Z5","Z4","In",1217,220
"722","F","0","FT","BS",NA,"Z5","Z5","Z4","Z4","Z5","In",1218,220
"723","DP","1","BT","FT","Z5","Z5","Z4","Z5","Z5","Z4","In",1219,220
"724","F","0","BS","BT","Z5","Z4","Z5","Z4","Z4","Z4","In",1220,220
"725","DP","1","BT","BS","Z4","Z5","Z4","Z4","Z4","Z5","In",1221,220
"726","F","0","BS","BT","Z5","Z4","Z4","Z5","Z5","Z3","In",1222,220
"727","DP","1","BT","BS",NA,NA,"Z3","Z4","Z4","Z4","In",1226,221
"728","F","0","FT","BT",NA,"Z3","Z4","Z4","Z4","Z5","In",1227,221
"729","DP","1","BT","FT","Z3","Z4","Z4","Z5","Z5","Z5","In",1228,221
"730","F","0","BS","BT","Z4","Z4","Z5","Z5","Z5","Z4","In",1229,221
"731","DP","1","FT","BS","Z4","Z5","Z5","Z4","Z4","Z3","In",1230,221
"732","F","1","BT","BT",NA,NA,"Z5","Z4","Z4","Z2","In",1235,223
"733","F","1","BS","BT",NA,NA,"Z5","Z5","Z5","Z5","In",1238,224
"734","DP","0","BS","BS",NA,"Z5","Z5","Z5","Z5","Z5","In",1239,224
"735","F","1","BS","BS","Z5","Z5","Z5","Z5","Z5","Z5","In",1240,224
"736","DP","0","BT","BS","Z5","Z5","Z5","Z5","Z5","Z2","In",1241,224
"737","F","1","FS","BT","Z5","Z5","Z5","Z2","Z2","Z4","In",1242,224
"738","DP","0","FT","FS","Z5","Z5","Z2","Z4","Z4","Z5","In",1243,224
"739","F","1","BS","FT","Z5","Z2","Z4","Z5","Z5","Z2","In",1244,224
"740","DP","0","FT","BS","Z2","Z4","Z5","Z2","Z2","Z2","In",1245,224
"741","F","1","FL","FT","Z4","Z5","Z2","Z2","Z2","Z2","Long",1246,224
"742","F","1","BS","FT",NA,NA,"Z2","Z4","Z4","Z3","Long",1249,225
"743","F","1","FT","BS",NA,NA,"Z4","Z4","Z4","Z5","In",1252,226
"744","DP","1","FT","BS",NA,NA,"Z3","Z3","Z3","Z2","In",1255,227
"745","DP","1","BT","BS",NA,NA,"Z5","Z5","Z5","Z5","In",1259,228
"746","F","0","FS","BT",NA,"Z5","Z5","Z5","Z5","Z1","In",1260,228
"747","DP","1","FO","FS","Z5","Z5","Z5","Z1","Z1","Z5","In",1261,228
"748","DP","1","FT","FS",NA,NA,"Z2","Z3","Z3","Z4","In",1264,229
"749","F","0","BS","FT",NA,"Z2","Z3","Z4","Z4","Z5","In",1265,229
"750","DP","1","BT","BS",NA,NA,"Z5","Z5","Z5","Z5","In",1269,230
"751","F","0","BS","BT",NA,"Z5","Z5","Z5","Z5","Z5","In",1270,230
"752","DP","1","BT","BS","Z5","Z5","Z5","Z5","Z5","Z4","In",1271,230
"753","F","0","FT","BT","Z5","Z5","Z5","Z4","Z4","Z2","In",1272,230
"754","DP","1","FT","BS",NA,NA,"Z3","Z4","Z4","Z5","In",1276,231
"755","F","0","BS","FT",NA,"Z3","Z4","Z5","Z5","Z5","In",1277,231
"756","DP","1","FT","BS","Z3","Z4","Z5","Z5","Z5","Z5","In",1278,231
"757","F","0","BT","FT","Z4","Z5","Z5","Z5","Z5","Z3","In",1279,231
"758","DP","1","FS","BT","Z5","Z5","Z5","Z3","Z3","Z4","In",1280,231
"759","F","0","FT","FS","Z5","Z5","Z3","Z4","Z4","Z2","In",1281,231
"760","DP","1","FS","FT","Z5","Z3","Z4","Z2","Z2","Z5","In",1282,231
"761","F","0","BV","FS","Z3","Z4","Z2","Z5","Z5","Z4","In",1283,231
"762","DP","1","FT","BS",NA,NA,"Z5","Z5","Z5","Z5","In",1286,232
"763","F","0","BS","FT",NA,"Z5","Z5","Z5","Z5","Z5","In",1287,232
"764","DP","1","FT","BS","Z5","Z5","Z5","Z5","Z5","Z2","In",1288,232
"765","F","0","FT","FT","Z5","Z5","Z5","Z2","Z2","Z2","In",1289,232
"766","DP","1","FT","FT","Z5","Z5","Z2","Z2","Z2","Z5","In",1290,232
"767","F","0","BS","FT","Z5","Z2","Z2","Z5","Z5","Z3","In",1291,232
"768","DP","1","FT","BS","Z2","Z2","Z5","Z3","Z3","Z3","In",1292,232
"769","F","0","FT","FT","Z2","Z5","Z3","Z3","Z3","Z3","In",1293,232
"770","DP","1","FT","FT","Z5","Z3","Z3","Z3","Z3","Z5","In",1294,232
"771","F","0","BS","FT","Z3","Z3","Z3","Z5","Z5","Z5","In",1295,232
"772","DP","1","BT","BS","Z3","Z3","Z5","Z5","Z5","Z2","In",1296,232
"773","F","0","FS","BT","Z3","Z5","Z5","Z2","Z2","Z3","In",1297,232
"774","F","1","FV","FS",NA,NA,"Z4","Z3","Z3","Z5","In",1303,234
"775","F","1","BV","BT","Z4","Z3","Z5","AT_NET","Z5","Z2","In",1305,234
"776","F","1","FV","FT",NA,NA,"Z2","Z3","Z3","Z4","Long",1308,235
"777","F","1","FT","FT",NA,NA,"Z2","Z3","Z3","Z3","In",1313,237
"778","DP","0","FT","FT",NA,"Z2","Z3","Z3","Z3","Z5","In",1314,237
"779","F","1","BS","FT","Z2","Z3","Z3","Z5","Z5","Z5","In",1315,237
"780","DP","0","BS","BS","Z3","Z3","Z5","Z5","Z5","Z2","In",1316,237
"781","F","1","FT","BS","Z3","Z5","Z5","Z2","Z2","Z2","In",1317,237
"782","DP","0","FS","FT","Z5","Z5","Z2","Z2","Z2","Z5","In",1318,237
"783","F","1","BS","FS","Z5","Z2","Z2","Z5","Z4","Z5","In",1319,237
"784","DP","1","FT","BS",NA,NA,"Z3","Z3","Z3","Z3","In",1322,238
"785","F","0","FT","FT",NA,"Z3","Z3","Z3","Z3","Z4","In",1323,238
"786","DP","1","BT","FT","Z3","Z3","Z3","Z4","Z4","Z4","In",1324,238
"787","F","0","FT","BT","Z3","Z3","Z4","Z4","Z4","Z3","In",1325,238
"788","DP","1","FT","FT","Z3","Z4","Z4","Z3","Z3","Z2","In",1326,238
"789","DP","1","FS","FS",NA,NA,"Z4","Z4","Z4","Z5","Wide",1330,239
"790","DP","1","FT","BS",NA,NA,"Z3","Z4","Z4","Z2","In",1333,240
"791","DP","1","FT","BS",NA,NA,"Z5","Z4","Z4","Z5","In",1338,242
"792","F","0","BS","FT",NA,"Z5","Z4","Z5","Z5","Z2","In",1339,242
"793","DP","1","FT","BS","Z5","Z4","Z5","Z2","Z2","Z2","In",1340,242
"794","F","0","FT","FT","Z4","Z5","Z2","Z2","Z2","Z5","In",1341,242
"795","DP","1","BT","FT","Z5","Z2","Z2","Z5","Z5","Z5","In",1342,242
"796","F","0","BS","BT","Z2","Z2","Z5","Z5","Z5","Z2","In",1343,242
"797","DP","1","FT","BS","Z2","Z5","Z5","Z2","Z2","Z2","In",1344,242
"798","F","0","FT","FT","Z5","Z5","Z2","Z2","Z2","Z2","In",1345,242
"799","DP","1","FT","FT","Z5","Z2","Z2","Z2","Z2","Z5","In",1346,242
"800","F","1","BS","BT",NA,NA,"Z5","Z4","Z4","Z4","In",1349,243
"801","DP","0","BT","BS",NA,"Z5","Z4","Z4","Z5","Z5","In",1350,243
"802","F","1","BS","BT","Z5","Z4","Z4","Z5","Z5","Z4","In",1351,243
"803","DP","0","FT","BS","Z4","Z4","Z5","Z4","Z5","Z3","Long",1352,243
"804","F","1","BS","BT",NA,NA,"Z3","Z4","Z4","Z3","In",1360,246
"805","DP","0","BT","BS",NA,"Z3","Z4","Z3","Z4","Z3","In",1361,246
"806","F","1","FT","BT","Z3","Z4","Z3","Z3","Z3","Z4","In",1362,246
"807","DP","0","BT","FT","Z4","Z3","Z3","Z4","Z4","Z5","In",1363,246
"808","F","1","BS","BT","Z3","Z3","Z4","Z5","Z5","Z5","In",1364,246
"809","DP","0","FT","BS","Z3","Z4","Z5","Z5","Z5","Z2","In",1365,246
"810","F","1","FT","FT","Z4","Z5","Z5","Z2","Z2","Z5","Long",1366,246
"811","F","1","FT","FT",NA,NA,"Z4","Z3","Z3","Z3","Long",1369,247
"812","F","1","FS","FT",NA,NA,"Z4","Z3","Z3","Z5","In",1375,249
"813","DP","0","FT","FS",NA,"Z4","Z3","Z5","Z5","Z4","Long",1376,249
"814","F","1","FT","BT",NA,NA,"Z3","Z4","Z4","Z5","Wide",1379,250
"815","F","1","FT","FT",NA,NA,"Z4","Z3","Z3","Z3","In",1382,251
"816","DP","0","FT","FT",NA,"Z4","Z3","Z3","Z3","Z3","Long",1383,251
"817","F","1","FT","BT",NA,NA,"Z2","Z3","Z3","Z2","In",1386,252
"818","DP","0","FT","FT",NA,"Z2","Z3","Z2","Z2","Z5","In",1387,252
"819","F","1","BS","FT","Z2","Z3","Z2","Z5","Z5","Z4","In",1388,252
"820","DP","0","BT","BS","Z3","Z2","Z5","Z4","Z4","Z3","In",1389,252
"821","F","1","FT","BT","Z2","Z5","Z4","Z3","Z3","Z2","In",1390,252
"822","DP","0","FT","FT","Z5","Z4","Z3","Z2","Z2","Z4","Long",1391,252
"823","DP","1","FT","BS",NA,NA,"Z5","Z4","Z4","Z5","In",1398,255
"824","F","0","BS","FT",NA,"Z5","Z4","Z5","Z5","Z3","In",1399,255
"825","DP","1","FT","BS","Z5","Z4","Z5","Z3","Z3","Z5","In",1400,255
"826","DP","1","FS","FT",NA,NA,"Z5","Z3","Z3","Z2","In",1403,256
"827","DP","1","FT","FS",NA,NA,"Z2","Z3","Z3","Z5","In",1407,257
"828","F","1","FT","BT",NA,NA,"Z5","Z4","Z4","Z4","In",1410,258
"829","DP","1","FT","FT",NA,NA,"Z4","Z4","Z4","Z3","In",1414,259
"830","F","0","FT","FT",NA,"Z4","Z4","Z3","Z3","Z3","In",1415,259
"831","DP","1","FS","FT","Z4","Z4","Z3","Z3","Z3","Z5","In",1416,259
"832","F","0","BS","FS","Z4","Z3","Z3","Z5","Z5","Z5","In",1417,259
"833","DP","1","BT","BS","Z3","Z3","Z5","Z5","Z5","Z5","In",1418,259
"834","F","0","BS","BT","Z3","Z5","Z5","Z5","Z5","Z4","In",1419,259
"835","DP","1","FT","BS","Z5","Z5","Z5","Z4","Z4","Z5","In",1420,259
"836","F","0","BT","FT","Z5","Z5","Z4","Z5","Z5","Z4","In",1421,259
"837","DP","1","BT","BT","Z5","Z4","Z5","Z4","Z4","Z2","In",1422,259
"838","F","0","FS","BT","Z4","Z5","Z4","Z2","Z2","Z2","Out",1423,259
"839","DP","1","FT","BS",NA,NA,"Z3","Z4","Z4","Z3","In",1426,260
"840","F","0","FT","FT",NA,"Z3","Z4","Z3","Z3","Z5","In",1427,260
"841","DP","1","BT","FT","Z3","Z4","Z3","Z5","Z5","Z4","In",1428,260
"842","F","0","FT","BT","Z4","Z3","Z5","Z4","Z4","Z3","In",1429,260
"843","DP","1","FT","FT","Z3","Z5","Z4","Z3","Z3","Z4","In",1430,260
"844","F","0","FT","FT","Z5","Z4","Z3","Z4","Z4","Z2","In",1431,260
"845","DP","1","FT","FT","Z4","Z3","Z4","Z2","Z2","Z3","In",1432,260
"846","F","0","FT","FT","Z3","Z4","Z2","Z3","Z2","Z2","In",1433,260
"847","DP","1","FT","FT","Z4","Z2","Z3","Z2","Z2","Z5","In",1434,260
"848","F","0","BS","FT","Z2","Z3","Z2","Z5","Z5","Z5","In",1435,260
"849","DP","1","FT","BS","Z3","Z2","Z5","Z5","Z5","Z5","In",1436,260
"850","F","0","BS","FT","Z2","Z5","Z5","Z5","Z5","Z2","Long",1437,260
"851","F","1","FT","BS",NA,NA,"Z3","Z4","Z4","Z5","In",1442,262
"852","DP","0","BL","FT",NA,"Z3","Z4","Z5","Z5","Z2","Wide",1443,262
"853","DP","1","FT","BS",NA,NA,"Z5","Z4","Z5","Z5","In",1446,263
"854","F","0","BS","FT",NA,"Z5","Z4","Z5","Z5","Z4","In",1447,263
"855","DP","1","FS","BS","Z5","Z4","Z5","Z4","Z4","Z5","In",1448,263
"856","F","0","BS","FS","Z4","Z5","Z4","Z5","Z5","Z4","In",1449,263
"857","DP","1","FT","BS","Z5","Z4","Z5","Z4","Z4","Z3","In",1450,263
"858","F","0","FT","FT","Z4","Z5","Z4","Z3","Z3","Z5","Wide",1451,263
"859","DP","1","FT","BS",NA,NA,"Z3","Z4","Z4","Z4","In",1454,264
"860","F","0","FT","FT",NA,"Z3","Z4","Z4","Z4","Z5","Wide",1455,264
"861","DP","1","BT","BT",NA,NA,"Z3","Z5","Z5","Z4","In",1458,265
"862","F","0","FT","BT",NA,"Z3","Z5","Z4","Z4","Z4","In",1459,265
"863","DP","1","FT","FT","Z3","Z5","Z4","Z4","Z4","Z5","In",1460,265
"864","DP","1","FT","BS",NA,NA,"Z3","Z2","Z2","Z2","In",1465,267
"865","F","0","FS","FT",NA,"Z3","Z2","Z2","Z2","Z3","In",1466,267
"866","DP","1","FT","FT",NA,NA,"Z4","Z3","Z3","Z5","In",1470,268
"867","F","0","BS","FT",NA,"Z4","Z3","Z5","Z5","Z5","In",1471,268
"868","DP","1","BS","BS","Z4","Z3","Z5","Z5","Z5","Z5","In",1472,268
"869","F","0","BS","BS","Z3","Z5","Z5","Z5","Z5","Z2","Wide",1473,268
"870","DP","1","FT","BT",NA,NA,"Z3","Z3","Z3","Z5","In",1476,269
"871","F","0","BS","FT",NA,"Z3","Z3","Z5","Z5","Z2","Out",1477,269
"872","F","1","FT","FT",NA,NA,"Z4","Z4","Z4","Z5","In",1482,271
"873","DP","0","BT","FT",NA,"Z4","Z4","Z5","Z5","Z5","In",1483,271
"874","F","1","FT","FT",NA,NA,"Z4","Z4","Z4","Z2","Long",1489,273
"875","F","1","FS","FT",NA,NA,"Z2","Z3","Z3","Z4","In",1492,274
"876","DP","0","FT","FS",NA,"Z2","Z3","Z4","Z3","Z4","In",1493,274
"877","F","1","FT","FT","Z2","Z3","Z4","Z4","Z4","Z3","In",1494,274
"878","DP","0","FT","FT","Z3","Z4","Z4","Z3","Z3","Z3","In",1495,274
"879","F","1","FT","FT","Z4","Z4","Z3","Z3","Z3","Z2","In",1496,274
"880","F","1","FT","BS",NA,NA,"Z5","Z4","Z4","Z2","In",1500,275
"881","DP","0","FT","FT",NA,"Z5","Z4","Z2","Z2","Z2","In",1501,275
"882","DP","1","BS","FT",NA,NA,"Z2","Z4","Z4","Z5","In",1504,276
"883","F","0","BS","BS",NA,"Z2","Z4","Z5","Z5","Z5","In",1505,276
"884","DP","1","BT","BS","Z2","Z4","Z5","Z5","Z5","Z5","In",1506,276
"885","F","0","BT","BT","Z4","Z5","Z5","Z5","Z5","Z2","In",1507,276
"886","DP","1","BT","BS",NA,NA,"Z5","Z5","Z5","Z5","In",1510,277
"887","F","0","BT","BT",NA,"Z5","Z5","Z5","Z5","Z3","In",1511,277
"888","DP","1","FT","BT","Z5","Z5","Z5","Z3","Z3","Z2","In",1512,277
"889","F","0","FT","FT","Z5","Z5","Z3","Z2","Z2","Z2","In",1513,277
"890","DP","1","FT","FT","Z5","Z3","Z2","Z2","Z2","Z4","In",1514,277
"891","F","0","BS","FT","Z3","Z2","Z2","Z4","Z4","Z5","In",1515,277
"892","DP","1","BS","BS","Z2","Z2","Z4","Z4","Z5","Z5","In",1516,277
"893","F","0","FT","BS","Z2","Z4","Z5","Z5","Z5","Z2","Wide",1517,277
"894","DP","1","BT","BS",NA,NA,"Z3","Z4","Z4","Z2","In",1520,278
"895","F","0","FL","BT",NA,"Z3","Z4","Z2","Z2","Z2","In",1521,278
"896","DP","1","FO","FL","Z3","Z4","Z2","Z2","Z2","Z5","In",1522,278
"897","F","0","BS","FO","Z4","Z2","Z2","Z5","Z5","Z6","In",1523,278
"898","DP","1","FT","BS",NA,NA,"Z5","Z4","Z5","Z2","In",1527,279
"899","DP","1","FT","BS",NA,NA,"Z4","Z4","Z4","Z5","In",1530,280
"900","F","0","BS","FT",NA,"Z4","Z4","Z5","Z4","Z4","In",1531,280
"901","DP","1","BT","BS",NA,NA,"Z6","Z5","Z5","Z5","In",1535,281
"902","F","0","BL","BT",NA,"Z6","Z5","Z5","Z5","Z4","Long",1536,281
"903","DP","1","FT","FS",NA,NA,"Z2","Z2","Z2","Z5","In",1539,282
"904","F","1","FT","BS",NA,NA,"Z3","Z4","Z4","Z5","In",1544,284
"905","DP","0","BT","FT",NA,"Z3","Z4","Z5","Z5","Z3","Long",1545,284
"906","F","1","FT","FT",NA,NA,"Z2","Z3","Z3","Z5","In",1548,285
"907","DP","0","BS","FT",NA,"Z2","Z3","Z5","Z5","Z3","Long",1549,285
"908","F","1","FT","BT",NA,NA,"Z5","Z4","Z4","Z2","In",1552,286
"909","DP","0","FS","FT",NA,"Z5","Z4","Z2","Z2","Z2","Wide",1553,286
"910","DP","1","BT","BS",NA,NA,"Z5","Z5","Z5","Z5","In",1560,289
"911","F","0","BT","BT",NA,"Z5","Z5","Z5","Z5","Z4","In",1561,289
"912","DP","1","FT","BT","Z5","Z5","Z5","Z4","Z4","Z5","In",1562,289
"913","F","0","BS","FT","Z5","Z5","Z4","Z5","Z5","Z4","In",1563,289
"914","DP","1","FT","BS","Z5","Z4","Z5","Z4","Z4","Z5","In",1564,289
"915","F","0","BT","FT","Z4","Z5","Z4","Z5","Z5","Z4","In",1565,289
"916","DP","1","FT","BT","Z5","Z4","Z5","Z4","Z4","Z5","In",1566,289
"917","F","0","BS","FT","Z4","Z5","Z4","Z5","Z5","Z2","In",1567,289
"918","DP","1","FT","BS","Z5","Z4","Z5","Z2","Z2","Z5","In",1568,289
"919","F","0","BT","FT","Z4","Z5","Z2","Z5","Z4","Z3","In",1569,289
"920","DP","1","FT","BT","Z5","Z2","Z5","Z3","Z3","Z2","In",1570,289
"921","F","0","FT","FT","Z2","Z5","Z3","Z2","Z2","Z4","In",1571,289
"922","DP","1","BT","FT","Z5","Z3","Z2","Z4","Z4","Z4","In",1572,289
"923","F","0","BS","BT","Z3","Z2","Z4","Z4","Z4","Z5","In",1573,289
"924","DP","1","BT","BS","Z2","Z4","Z4","Z5","Z4","Z3","In",1574,289
"925","F","0","FT","BT","Z4","Z4","Z5","Z3","Z3","Z5","In",1575,289
"926","DP","1","FT","BS",NA,NA,"Z3","Z4","Z4","Z5","In",1579,290
"927","DP","1","BT","BS",NA,NA,"Z3","Z5","Z5","Z5","In",1586,292
"928","F","0","BS","BT",NA,"Z3","Z5","Z5","Z5","Z4","In",1587,292
"929","DP","1","FT","BS","Z3","Z5","Z5","Z4","Z4","Z5","In",1588,292
"930","DP","1","BT","BS",NA,NA,"Z5","Z5","Z5","Z5","In",1592,293
"931","F","0","BT","BT",NA,"Z5","Z5","Z5","Z5","Z2","Wide",1593,293
"932","F","1","FT","BS",NA,NA,"Z5","Z4","Z4","Z2","In",1596,294
"933","DP","0","FS","FT",NA,"Z5","Z4","Z2","Z2","Z3","In",1597,294
"934","F","1","FT","FS","Z5","Z4","Z2","Z3","Z3","Z5","In",1598,294
"935","F","1","FT","BS",NA,NA,"Z3","Z2","Z2","Z1","In",1601,295
"936","F","1","BS","BS",NA,NA,"Z5","Z5","Z5","Z5","In",1604,296
"937","DP","1","FS","BS",NA,NA,"Z3","Z4","Z4","Z3","In",1610,298
"938","F","0","FT","FS",NA,"Z3","Z4","Z3","Z3","Z5","Wide",1611,298
"939","DP","1","FT","FT",NA,NA,"Z2","Z4","Z4","Z5","In",1616,300
"940","F","0","BS","FT",NA,"Z2","Z4","Z5","Z5","Z4","In",1617,300
"941","DP","1","BT","BS","Z2","Z4","Z5","Z4","Z5","Z5","In",1618,300
"942","F","0","BS","BT","Z4","Z5","Z4","Z5","Z5","Z5","Long",1619,300
"943","DP","1","FT","BS",NA,NA,"Z5","Z4","Z4","Z2","In",1622,301
"944","F","1","FT","BT",NA,NA,"Z3","Z3","Z3","Z5","In",1625,302
"945","DP","0","BT","FT",NA,"Z3","Z3","Z5","Z5","Z5","In",1626,302
"946","F","1","BT","BT","Z3","Z3","Z5","Z5","Z5","Z4","In",1627,302
"947","DP","0","BT","BT","Z3","Z5","Z5","Z4","Z5","Z4","In",1628,302
"948","F","1","BS","BT","Z5","Z5","Z4","Z4","Z4","Z5","Wide",1629,302
"949","F","1","FT","FT",NA,NA,"Z2","Z3","Z3","Z2","In",1635,304
"950","F","1","FT","BS",NA,NA,"Z5","Z5","Z5","Z5","In",1639,305
"951","DP","0","BT","FT",NA,"Z5","Z5","Z5","Z5","Z5","In",1640,305
"952","F","1","BS","BT","Z5","Z5","Z5","Z5","Z5","Z5","Wide",1641,305
"953","F","1","FT","FT",NA,NA,"Z3","Z3","Z3","Z2","In",1644,306
"954","DP","0","FT","FT",NA,"Z3","Z3","Z2","Z2","Z5","In",1645,306
"955","F","1","BS","FT","Z3","Z3","Z2","Z5","Z5","Z5","In",1646,306
"956","DP","0","BT","BS","Z3","Z2","Z5","Z5","Z5","Z5","In",1647,306
"957","F","1","BS","BT","Z2","Z5","Z5","Z5","Z5","Z5","In",1648,306
"958","DP","0","BT","BS","Z5","Z5","Z5","Z5","Z5","Z4","In",1649,306
"959","F","1","BS","BT","Z5","Z5","Z5","Z4","Z4","Z3","In",1650,306
"960","DP","0","FT","BS","Z5","Z5","Z4","Z3","Z3","Z2","In",1651,306
"961","F","1","FT","FT","Z5","Z4","Z3","Z2","Z2","Z2","In",1652,306
"962","DP","0","FT","FT","Z4","Z3","Z2","Z2","Z2","Z2","In",1653,306
"963","F","1","FL","FT","Z3","Z2","Z2","Z2","Z2","Z3","In",1654,306
"964","DP","0","FT","FL","Z2","Z2","Z2","Z3","Z3","Z4","In",1655,306
"965","F","1","BT","FT","Z2","Z2","Z3","Z4","Z4","Z4","In",1656,306
"966","DP","0","BT","BT","Z2","Z3","Z4","Z4","Z4","Z4","In",1657,306
"967","F","1","FT","BT","Z3","Z4","Z4","Z4","Z5","Z2","In",1658,306
"968","DP","0","FT","FT","Z4","Z4","Z4","Z2","Z2","Z2","Wide",1659,306
"969","F","1","FT","FT",NA,NA,"Z4","Z4","Z4","Z3","In",1666,309
"970","DP","0","FT","FT",NA,"Z4","Z4","Z3","Z3","Z2","In",1667,309
"971","F","1","FT","FT","Z4","Z4","Z3","Z2","Z2","Z2","In",1668,309
"972","DP","0","FT","FT","Z4","Z3","Z2","Z2","Z2","Z5","In",1669,309
"973","F","1","BS","BT",NA,NA,"Z5","Z5","Z5","Z3","In",1672,310
"974","DP","0","FT","BS",NA,"Z5","Z5","Z3","Z3","Z2","In",1673,310
"975","F","1","FS","FT","Z5","Z5","Z3","Z2","Z2","Z2","In",1674,310
"976","DP","0","FT","FS","Z5","Z3","Z2","Z2","Z2","Z5","In",1675,310
"977","F","1","BS","FT","Z3","Z2","Z2","Z5","Z5","Z4","Long",1676,310
