"Player","Server","Stroke.Type","Opp.Stroke.Type","Ball.hit.to.lag4","Ball.hit.to.lag3","Ball.hit.to.lag2","Ball.lands","Ball.hit.from","Ball.hit.to","In.out","id","rally_num","hit.to.string","rally_length"
"N","0","FT",NA,NA,NA,NA,"Z5","Z5","Z5","In",2,"1","Z5_Z5_Z9_Z2_Z10_Z10_Z2_Z7_Z7_Z8_Z7_Z7_Z12",13
"F","1","FT","FT",NA,NA,"Z5","Z5","Z5","Z4","In",3,"1","Z5_Z5_Z9_Z2_Z10_Z10_Z2_Z7_Z7_Z8_Z7_Z7_Z12",13
"N","0","FT","FT",NA,"Z5","Z5","Z4","Z4","Z2","In",4,"1","Z5_Z5_Z9_Z2_Z10_Z10_Z2_Z7_Z7_Z8_Z7_Z7_Z12",13
"F","1","FT","FT","Z5","Z5","Z4","Z2","Z4","Z5","In",5,"1","Z5_Z5_Z9_Z2_Z10_Z10_Z2_Z7_Z7_Z8_Z7_Z7_Z12",13
"N","0","FT","FT","Z5","Z4","Z2","Z5","Z4","Z5","In",6,"1","Z5_Z5_Z9_Z2_Z10_Z10_Z2_Z7_Z7_Z8_Z7_Z7_Z12",13
"F","1","BS","FT","Z4","Z2","Z5","Z5","Z5","Z2","In",7,"1","Z5_Z5_Z9_Z2_Z10_Z10_Z2_Z7_Z7_Z8_Z7_Z7_Z12",13
"N","0","BS","BS","Z2","Z5","Z5","Z2","Z3","Z2","In",8,"1","Z5_Z5_Z9_Z2_Z10_Z10_Z2_Z7_Z7_Z8_Z7_Z7_Z12",13
"F","1","FT","BS","Z5","Z5","Z2","Z2","Z3","Z2","In",9,"1","Z5_Z5_Z9_Z2_Z10_Z10_Z2_Z7_Z7_Z8_Z7_Z7_Z12",13
"N","0","BT","FT","Z5","Z2","Z2","Z2","Z2","Z3","In",10,"1","Z5_Z5_Z9_Z2_Z10_Z10_Z2_Z7_Z7_Z8_Z7_Z7_Z12",13
"F","1","FT","BT","Z2","Z2","Z2","Z3","Z3","Z2","In",11,"1","Z5_Z5_Z9_Z2_Z10_Z10_Z2_Z7_Z7_Z8_Z7_Z7_Z12",13
"N","0","BT","FT","Z2","Z2","Z3","Z2","Z3","Z2","In",12,"1","Z5_Z5_Z9_Z2_Z10_Z10_Z2_Z7_Z7_Z8_Z7_Z7_Z12",13
"F","1","FT","BT","Z2","Z3","Z2","Z2","Z2","Z3","Long",13,"1","Z5_Z5_Z9_Z2_Z10_Z10_Z2_Z7_Z7_Z8_Z7_Z7_Z12",13
"N","0","FT",NA,NA,NA,NA,"Z5","Z5","Z4","Long",15,"2","Z5_Z13",2
"N","0","BT",NA,NA,NA,NA,"Z2","Z2","Z5","In",17,"3","Z2_Z5_Z8_Z5_Z11",5
"F","1","BT","BT",NA,NA,"Z2","Z5","Z4","Z3","In",18,"3","Z2_Z5_Z8_Z5_Z11",5
"N","0","FT","BT",NA,"Z2","Z5","Z3","Z3","Z5","In",19,"3","Z2_Z5_Z8_Z5_Z11",5
"F","1","BT","FT","Z2","Z5","Z3","Z5","Z5","Z2","Long",20,"3","Z2_Z5_Z8_Z5_Z11",5
"N","0","BL",NA,NA,NA,NA,"Z4","Z4","Z4","In",22,"4","Z4_Z9_Z10_",4
"F","1","FT","BL",NA,NA,"Z4","Z4","Z5","Z5","In",23,"4","Z4_Z9_Z10_",4
"F","0","FT",NA,NA,NA,NA,"Z4","Z4","Z3","In",30,"7","Z4_Z12_Z11_Z8_Z9_",6
"N","1","BL","FT",NA,NA,"Z4","Z3","Z3","Z2","In",31,"7","Z4_Z12_Z11_Z8_Z9_",6
"F","0","FT","BL",NA,"Z4","Z3","Z2","Z2","Z3","In",32,"7","Z4_Z12_Z11_Z8_Z9_",6
"N","1","BT","FT","Z4","Z3","Z2","Z3","Z3","Z4","In",33,"7","Z4_Z12_Z11_Z8_Z9_",6
"N","0","BS",NA,NA,NA,NA,"Z1","Z2","Z6","In",36,"8","Z1_Z6_Z5",3
"F","1","BV","BS",NA,NA,"Z1","Z6","Z6","Z5","In",37,"8","Z1_Z6_Z5",3
"N","0","BT",NA,NA,NA,NA,"Z4","Z4","Z4","In",39,"9","Z4_Z13_Z9_Z7_Z10_Z10",6
"F","1","FT","BT",NA,NA,"Z4","Z4","Z4","Z4","In",40,"9","Z4_Z13_Z9_Z7_Z10_Z10",6
"N","0","FT","FT",NA,"Z4","Z4","Z4","Z3","Z2","In",41,"9","Z4_Z13_Z9_Z7_Z10_Z10",6
"F","1","FT","FT","Z4","Z4","Z4","Z2","Z3","Z5","In",42,"9","Z4_Z13_Z9_Z7_Z10_Z10",6
"N","0","FT","FT","Z4","Z4","Z2","Z5","Z4","Z5","Wide",43,"9","Z4_Z13_Z9_Z7_Z10_Z10",6
"N","0","BT",NA,NA,NA,NA,"Z1","Z2","Z3","Long",45,"10","Z1_Z12",2
"F","0","BS",NA,NA,NA,NA,"Z2","Z2","Z4","In",47,"11","Z2_Z4_Z10_",4
"N","1","FT","BS",NA,NA,"Z2","Z4","Z3","Z5","In",48,"11","Z2_Z4_Z10_",4
"F","0","BS",NA,NA,NA,NA,"Z5","Z5","Z3","In",51,"12","Z5_Z8_Z7_Z9_Z10_Z10_",7
"N","1","BT","BS",NA,NA,"Z5","Z3","Z3","Z2","In",52,"12","Z5_Z8_Z7_Z9_Z10_Z10_",7
"F","0","FT","BT",NA,"Z5","Z3","Z2","Z2","Z4","In",53,"12","Z5_Z8_Z7_Z9_Z10_Z10_",7
"N","1","FT","FT","Z5","Z3","Z2","Z4","Z4","Z5","In",54,"12","Z5_Z8_Z7_Z9_Z10_Z10_",7
"F","0","BS","FT","Z3","Z2","Z4","Z5","Z5","Z5","In",55,"12","Z5_Z8_Z7_Z9_Z10_Z10_",7
"F","0","BS",NA,NA,NA,NA,"Z6","Z5","Z3","In",60,"14","Z6_Z8_Z7",3
"N","1","FT","BS",NA,NA,"Z6","Z3","Z3","Z2","In",61,"14","Z6_Z8_Z7",3
"F","0","FT",NA,NA,NA,NA,"Z2","Z2","Z4","In",63,"15","Z2_Z9_",3
"F","0","BS",NA,NA,NA,NA,"Z5","Z5","Z4","Long",66,"16","Z5_Z13",2
"N","0","FT",NA,NA,NA,NA,"Z5","Z5","Z2","In",68,"17","Z5_Z7_Z7_Z9_Z10",5
"F","1","FT","FT",NA,NA,"Z5","Z2","Z3","Z2","In",69,"17","Z5_Z7_Z7_Z9_Z10",5
"N","0","BT","FT",NA,"Z5","Z2","Z2","Z3","Z4","In",70,"17","Z5_Z7_Z7_Z9_Z10",5
"F","1","FT","BT","Z5","Z2","Z2","Z4","Z4","Z5","In",71,"17","Z5_Z7_Z7_Z9_Z10",5
"N","0","BS",NA,NA,NA,NA,"Z2","Z2","Z4","Long",73,"18","Z2_Z13",2
"N","0","BT",NA,NA,NA,NA,"Z4","Z4","Z4","In",75,"19","Z4_Z9_Z2_Z8_Z7_Z8_",7
"F","1","BT","BT",NA,NA,"Z4","Z4","Z4","Z2","In",76,"19","Z4_Z9_Z2_Z8_Z7_Z8_",7
"N","0","BT","BT",NA,"Z4","Z4","Z2","Z3","Z3","In",77,"19","Z4_Z9_Z2_Z8_Z7_Z8_",7
"F","1","FT","BT","Z4","Z4","Z2","Z3","Z3","Z2","In",78,"19","Z4_Z9_Z2_Z8_Z7_Z8_",7
"N","0","BT","FT","Z4","Z2","Z3","Z2","Z2","Z3","In",79,"19","Z4_Z9_Z2_Z8_Z7_Z8_",7
"N","0","FT",NA,NA,NA,NA,"Z3","Z2","Z3","In",90,"24","Z3_Z12_Z12_",4
"F","1","FT","FT",NA,NA,"Z3","Z3","Z3","Z3","In",91,"24","Z3_Z12_Z12_",4
"N","0","FT",NA,NA,NA,NA,"Z2","Z2","Z5","In",96,"26","Z2_Z10_Z5_Z4_Z8_Z1",6
"F","1","BT","FT",NA,NA,"Z2","Z5","Z4","Z5","In",97,"26","Z2_Z10_Z5_Z4_Z8_Z1",6
"N","0","FT","BT",NA,"Z2","Z5","Z5","Z5","Z4","In",98,"26","Z2_Z10_Z5_Z4_Z8_Z1",6
"F","1","BT","FT","Z2","Z5","Z5","Z4","Z5","Z3","In",99,"26","Z2_Z10_Z5_Z4_Z8_Z1",6
"N","0","BT","BT","Z5","Z5","Z4","Z3","Z3","Z1","Wide",100,"26","Z2_Z10_Z5_Z4_Z8_Z1",6
"N","0","FT",NA,NA,NA,NA,"Z5","Z4","Z5","In",102,"27","Z5_Z5_Z7_Z2_Z10_Z19_Z3",7
"F","1","BT","FT",NA,NA,"Z5","Z5","Z4","Z2","In",103,"27","Z5_Z5_Z7_Z2_Z10_Z19_Z3",7
"N","0","BT","BT",NA,"Z5","Z5","Z2","Z3","Z2","In",104,"27","Z5_Z5_Z7_Z2_Z10_Z19_Z3",7
"F","1","FT","BT","Z5","Z5","Z2","Z2","Z2","Z5","In",105,"27","Z5_Z5_Z7_Z2_Z10_Z19_Z3",7
"F","0","BT",NA,NA,NA,NA,"Z3","Z3","Z4","In",109,"28","Z3_Z13_Z8_Z7_Z2_",6
"N","1","FT","BT",NA,NA,"Z3","Z4","Z3","Z3","In",110,"28","Z3_Z13_Z8_Z7_Z2_",6
"F","0","FT","FT",NA,"Z3","Z4","Z3","Z3","Z2","In",111,"28","Z3_Z13_Z8_Z7_Z2_",6
"N","1","BT","FT","Z3","Z4","Z3","Z2","Z2","Z2","In",112,"28","Z3_Z13_Z8_Z7_Z2_",6
"F","0","BT",NA,NA,NA,NA,"Z5","Z5","Z3","In",115,"29","Z5_Z8_Z10_Z8_Z8_Z7_",7
"N","1","FT","BT",NA,NA,"Z5","Z3","Z3","Z5","In",116,"29","Z5_Z8_Z10_Z8_Z8_Z7_",7
"F","0","BS","FT",NA,"Z5","Z3","Z5","Z5","Z3","In",117,"29","Z5_Z8_Z10_Z8_Z8_Z7_",7
"N","1","BS","BS","Z5","Z3","Z5","Z3","Z3","Z3","In",118,"29","Z5_Z8_Z10_Z8_Z8_Z7_",7
"F","0","FT","BS","Z3","Z5","Z3","Z3","Z5","Z2","In",119,"29","Z5_Z8_Z10_Z8_Z8_Z7_",7
"F","0","FT",NA,NA,NA,NA,"Z2","Z2","Z3","In",122,"30","Z2_Z8_Z9_Z9_Z9_Z2_Z10_Z7_Z2_Z7_",11
"N","1","FT","FT",NA,NA,"Z2","Z3","Z2","Z4","In",123,"30","Z2_Z8_Z9_Z9_Z9_Z2_Z10_Z7_Z2_Z7_",11
"F","0","BT","FT",NA,"Z2","Z3","Z4","Z4","Z4","In",124,"30","Z2_Z8_Z9_Z9_Z9_Z2_Z10_Z7_Z2_Z7_",11
"N","1","FT","BT","Z2","Z3","Z4","Z4","Z4","Z4","In",125,"30","Z2_Z8_Z9_Z9_Z9_Z2_Z10_Z7_Z2_Z7_",11
"F","0","FT","FT","Z3","Z4","Z4","Z4","Z5","Z2","In",126,"30","Z2_Z8_Z9_Z9_Z9_Z2_Z10_Z7_Z2_Z7_",11
"N","1","BT","FT","Z4","Z4","Z4","Z2","Z3","Z5","In",127,"30","Z2_Z8_Z9_Z9_Z9_Z2_Z10_Z7_Z2_Z7_",11
"F","0","BT","BT","Z4","Z4","Z2","Z5","Z4","Z2","In",128,"30","Z2_Z8_Z9_Z9_Z9_Z2_Z10_Z7_Z2_Z7_",11
"N","1","BT","BT","Z4","Z2","Z5","Z2","Z3","Z2","In",129,"30","Z2_Z8_Z9_Z9_Z9_Z2_Z10_Z7_Z2_Z7_",11
"F","0","FT","BT","Z2","Z5","Z2","Z2","Z2","Z2","In",130,"30","Z2_Z8_Z9_Z9_Z9_Z2_Z10_Z7_Z2_Z7_",11
"F","0","BT",NA,NA,NA,NA,"Z5","Z5","Z4","In",133,"31","Z5_Z13_Z7_Z5_Z10_",6
"N","1","FT","BT",NA,NA,"Z5","Z4","Z4","Z2","In",134,"31","Z5_Z13_Z7_Z5_Z10_",6
"F","0","FS","FT",NA,"Z5","Z4","Z2","Z2","Z5","In",135,"31","Z5_Z13_Z7_Z5_Z10_",6
"N","1","FT","FS","Z5","Z4","Z2","Z5","Z4","Z5","In",136,"31","Z5_Z13_Z7_Z5_Z10_",6
"F","0","FT",NA,NA,NA,NA,"Z1","Z2","Z2","In",139,"32","Z1_Z7_Z13_Z2_Z7_Z8_",7
"N","1","BT","FT",NA,NA,"Z1","Z2","Z2","Z4","In",140,"32","Z1_Z7_Z13_Z2_Z7_Z8_",7
"F","0","BT","BT",NA,"Z1","Z2","Z4","Z4","Z2","In",141,"32","Z1_Z7_Z13_Z2_Z7_Z8_",7
"N","1","BT","BT","Z1","Z2","Z4","Z2","Z2","Z2","In",142,"32","Z1_Z7_Z13_Z2_Z7_Z8_",7
"F","0","FT","BT","Z2","Z4","Z2","Z2","Z3","Z3","In",143,"32","Z1_Z7_Z13_Z2_Z7_Z8_",7
"F","0","FT",NA,NA,NA,NA,"Z4","Z4","Z3","In",146,"33","Z4_Z8_Z10_Z7_Z10_Z10_Z10_Z8_Z2_Z7_Z10_Z9_Z5_Z10_Z14_Z8_Z13_Z8_Z14_Z10_Z5_",22
"N","1","FT","FT",NA,NA,"Z4","Z3","Z4","Z5","In",147,"33","Z4_Z8_Z10_Z7_Z10_Z10_Z10_Z8_Z2_Z7_Z10_Z9_Z5_Z10_Z14_Z8_Z13_Z8_Z14_Z10_Z5_",22
"F","0","BS","FT",NA,"Z4","Z3","Z5","Z4","Z2","In",148,"33","Z4_Z8_Z10_Z7_Z10_Z10_Z10_Z8_Z2_Z7_Z10_Z9_Z5_Z10_Z14_Z8_Z13_Z8_Z14_Z10_Z5_",22
"N","1","FT","BS","Z4","Z3","Z5","Z2","Z2","Z5","In",149,"33","Z4_Z8_Z10_Z7_Z10_Z10_Z10_Z8_Z2_Z7_Z10_Z9_Z5_Z10_Z14_Z8_Z13_Z8_Z14_Z10_Z5_",22
"F","0","BS","FT","Z3","Z5","Z2","Z5","Z5","Z5","In",150,"33","Z4_Z8_Z10_Z7_Z10_Z10_Z10_Z8_Z2_Z7_Z10_Z9_Z5_Z10_Z14_Z8_Z13_Z8_Z14_Z10_Z5_",22
"N","1","FT","BS","Z5","Z2","Z5","Z5","Z5","Z5","In",151,"33","Z4_Z8_Z10_Z7_Z10_Z10_Z10_Z8_Z2_Z7_Z10_Z9_Z5_Z10_Z14_Z8_Z13_Z8_Z14_Z10_Z5_",22
"F","0","BS","FT","Z2","Z5","Z5","Z5","Z5","Z3","In",152,"33","Z4_Z8_Z10_Z7_Z10_Z10_Z10_Z8_Z2_Z7_Z10_Z9_Z5_Z10_Z14_Z8_Z13_Z8_Z14_Z10_Z5_",22
"N","1","FT","BS","Z5","Z5","Z5","Z3","Z3","Z2","In",153,"33","Z4_Z8_Z10_Z7_Z10_Z10_Z10_Z8_Z2_Z7_Z10_Z9_Z5_Z10_Z14_Z8_Z13_Z8_Z14_Z10_Z5_",22
"F","0","FT","FT","Z5","Z5","Z3","Z2","Z2","Z2","In",154,"33","Z4_Z8_Z10_Z7_Z10_Z10_Z10_Z8_Z2_Z7_Z10_Z9_Z5_Z10_Z14_Z8_Z13_Z8_Z14_Z10_Z5_",22
"N","1","BT","FT","Z5","Z3","Z2","Z2","Z2","Z5","In",155,"33","Z4_Z8_Z10_Z7_Z10_Z10_Z10_Z8_Z2_Z7_Z10_Z9_Z5_Z10_Z14_Z8_Z13_Z8_Z14_Z10_Z5_",22
"F","0","BS","BT","Z3","Z2","Z2","Z5","Z4","Z4","In",156,"33","Z4_Z8_Z10_Z7_Z10_Z10_Z10_Z8_Z2_Z7_Z10_Z9_Z5_Z10_Z14_Z8_Z13_Z8_Z14_Z10_Z5_",22
"N","1","FT","BS","Z2","Z2","Z5","Z4","Z4","Z5","In",157,"33","Z4_Z8_Z10_Z7_Z10_Z10_Z10_Z8_Z2_Z7_Z10_Z9_Z5_Z10_Z14_Z8_Z13_Z8_Z14_Z10_Z5_",22
"F","0","BT","FT","Z2","Z5","Z4","Z5","Z5","Z5","In",158,"33","Z4_Z8_Z10_Z7_Z10_Z10_Z10_Z8_Z2_Z7_Z10_Z9_Z5_Z10_Z14_Z8_Z13_Z8_Z14_Z10_Z5_",22
"N","1","FT","BT","Z5","Z4","Z5","Z5","Z5","Z5","In",159,"33","Z4_Z8_Z10_Z7_Z10_Z10_Z10_Z8_Z2_Z7_Z10_Z9_Z5_Z10_Z14_Z8_Z13_Z8_Z14_Z10_Z5_",22
"F","0","BT","FT","Z4","Z5","Z5","Z5","Z5","Z3","In",160,"33","Z4_Z8_Z10_Z7_Z10_Z10_Z10_Z8_Z2_Z7_Z10_Z9_Z5_Z10_Z14_Z8_Z13_Z8_Z14_Z10_Z5_",22
"N","1","FT","BT","Z5","Z5","Z5","Z3","Z3","Z4","In",161,"33","Z4_Z8_Z10_Z7_Z10_Z10_Z10_Z8_Z2_Z7_Z10_Z9_Z5_Z10_Z14_Z8_Z13_Z8_Z14_Z10_Z5_",22
"F","0","BT","FT","Z5","Z5","Z3","Z4","Z4","Z3","In",162,"33","Z4_Z8_Z10_Z7_Z10_Z10_Z10_Z8_Z2_Z7_Z10_Z9_Z5_Z10_Z14_Z8_Z13_Z8_Z14_Z10_Z5_",22
"N","1","FT","BT","Z5","Z3","Z4","Z3","Z3","Z5","In",163,"33","Z4_Z8_Z10_Z7_Z10_Z10_Z10_Z8_Z2_Z7_Z10_Z9_Z5_Z10_Z14_Z8_Z13_Z8_Z14_Z10_Z5_",22
"F","0","BS","FT","Z3","Z4","Z3","Z5","Z5","Z5","In",164,"33","Z4_Z8_Z10_Z7_Z10_Z10_Z10_Z8_Z2_Z7_Z10_Z9_Z5_Z10_Z14_Z8_Z13_Z8_Z14_Z10_Z5_",22
"N","1","FT","BS","Z4","Z3","Z5","Z5","Z4","Z5","In",165,"33","Z4_Z8_Z10_Z7_Z10_Z10_Z10_Z8_Z2_Z7_Z10_Z9_Z5_Z10_Z14_Z8_Z13_Z8_Z14_Z10_Z5_",22
"F","0","FT",NA,NA,NA,NA,"Z2","Z2","Z3","In",168,"34","Z2_Z8_Z10_",4
"N","1","BT","FT",NA,NA,"Z2","Z3","Z3","Z5","In",169,"34","Z2_Z8_Z10_",4
"F","0","BS",NA,NA,NA,NA,"Z5","Z5","Z3","In",172,"35","Z5_Z8_Z10",3
"N","1","FT","BS",NA,NA,"Z5","Z3","Z3","Z5","In",173,"35","Z5_Z8_Z10",3
"N","0","BT",NA,NA,NA,NA,"Z4","Z4","Z4","In",177,"37","Z4_Z9_Z7_Z2_Z7",5
"F","1","FT","BT",NA,NA,"Z4","Z4","Z4","Z2","In",178,"37","Z4_Z9_Z7_Z2_Z7",5
"N","0","BT","FT",NA,"Z4","Z4","Z2","Z3","Z2","In",179,"37","Z4_Z9_Z7_Z2_Z7",5
"F","1","FT","BT","Z4","Z4","Z2","Z2","Z2","Z2","Wide",180,"37","Z4_Z9_Z7_Z2_Z7",5
"N","0","FT",NA,NA,NA,NA,"Z5","Z4","Z5","In",182,"38","Z5_Z10_Z7_Z8_Z14",5
"F","1","BS","FT",NA,NA,"Z5","Z5","Z4","Z2","In",183,"38","Z5_Z10_Z7_Z8_Z14",5
"N","0","FT","BS",NA,"Z5","Z5","Z2","Z2","Z3","In",184,"38","Z5_Z10_Z7_Z8_Z14",5
"F","1","FT","FT","Z5","Z5","Z2","Z3","Z2","Z5","Long",185,"38","Z5_Z10_Z7_Z8_Z14",5
"N","0","FT",NA,NA,NA,NA,"Z3","Z3","Z4","In",193,"42","Z3_Z9_Z2_",4
"F","1","FT","FT",NA,NA,"Z3","Z4","Z4","Z2","In",194,"42","Z3_Z9_Z2_",4
"N","0","BT",NA,NA,NA,NA,"Z4","Z4","Z6","In",197,"43","Z4_Z6_Z8_Z16_Z6_Z16_Z2",7
"F","1","FT","BT",NA,NA,"Z4","Z6","Z5","Z3","In",198,"43","Z4_Z6_Z8_Z16_Z6_Z16_Z2",7
"F","0","FT",NA,NA,NA,NA,"Z4","Z4","Z3","In",210,"47","Z4_Z12_Z2_Z7",4
"N","1","FT","FT",NA,NA,"Z4","Z3","Z3","Z2","In",211,"47","Z4_Z12_Z2_Z7",4
"F","0","FT","FT",NA,"Z4","Z3","Z2","Z3","Z2","In",212,"47","Z4_Z12_Z2_Z7",4
"F","0","BT",NA,NA,NA,NA,"Z3","Z3","Z5","In",214,"48","Z3_Z10_",3
"F","0","BT",NA,NA,NA,NA,"Z5","Z5","Z3","In",217,"49","Z5_Z8_Z8_Z10",4
"N","1","BT","BT",NA,NA,"Z5","Z3","Z3","Z3","In",218,"49","Z5_Z8_Z8_Z10",4
"F","0","FT","BT",NA,"Z5","Z3","Z3","Z3","Z5","In",219,"49","Z5_Z8_Z8_Z10",4
"F","0","FT",NA,NA,NA,NA,"Z2","Z2","Z3","In",221,"50","Z2_Z8_Z11_Z8_Z10_Z9_Z9_Z9_Z10_Z7",10
"N","1","FT","FT",NA,NA,"Z2","Z3","Z3","Z2","In",222,"50","Z2_Z8_Z11_Z8_Z10_Z9_Z9_Z9_Z10_Z7",10
"F","0","FT","FT",NA,"Z2","Z3","Z2","Z2","Z3","In",223,"50","Z2_Z8_Z11_Z8_Z10_Z9_Z9_Z9_Z10_Z7",10
"N","1","FT","FT","Z2","Z3","Z2","Z3","Z2","Z5","In",224,"50","Z2_Z8_Z11_Z8_Z10_Z9_Z9_Z9_Z10_Z7",10
"F","0","BT","FT","Z3","Z2","Z3","Z5","Z4","Z4","In",225,"50","Z2_Z8_Z11_Z8_Z10_Z9_Z9_Z9_Z10_Z7",10
"N","1","FT","BT","Z2","Z3","Z5","Z4","Z4","Z4","In",226,"50","Z2_Z8_Z11_Z8_Z10_Z9_Z9_Z9_Z10_Z7",10
"F","0","BT","FT","Z3","Z5","Z4","Z4","Z4","Z4","In",227,"50","Z2_Z8_Z11_Z8_Z10_Z9_Z9_Z9_Z10_Z7",10
"N","1","FT","BT","Z5","Z4","Z4","Z4","Z5","Z5","In",228,"50","Z2_Z8_Z11_Z8_Z10_Z9_Z9_Z9_Z10_Z7",10
"F","0","FT","FT","Z4","Z4","Z4","Z5","Z5","Z2","Wide",229,"50","Z2_Z8_Z11_Z8_Z10_Z9_Z9_Z9_Z10_Z7",10
"F","0","BT",NA,NA,NA,NA,"Z5","Z5","Z4","In",231,"51","Z5_Z9_Z5_",4
"N","1","FT","BT",NA,NA,"Z5","Z4","Z5","Z5","In",232,"51","Z5_Z9_Z5_",4
"N","0","FT",NA,NA,NA,NA,"Z3","Z3","Z6","In",235,"52","Z3_Z6_Z9_Z10_Z7_Z15_Z1_Z20",8
"F","1","BT","FT",NA,NA,"Z3","Z6","Z5","Z4","In",236,"52","Z3_Z6_Z9_Z10_Z7_Z15_Z1_Z20",8
"N","0","FT","BT",NA,"Z3","Z6","Z4","Z5","Z5","In",237,"52","Z3_Z6_Z9_Z10_Z7_Z15_Z1_Z20",8
"F","1","FT","FT","Z3","Z6","Z4","Z5","Z5","Z2","In",238,"52","Z3_Z6_Z9_Z10_Z7_Z15_Z1_Z20",8
"N","0","BS","FT","Z6","Z4","Z5","Z2","Z2","Z1","In",239,"52","Z3_Z6_Z9_Z10_Z7_Z15_Z1_Z20",8
"F","1","FV","BS","Z4","Z5","Z2","Z1","Z1","Z1","In",240,"52","Z3_Z6_Z9_Z10_Z7_Z15_Z1_Z20",8
"N","0","BL","FV","Z5","Z2","Z1","Z1","Z1","Z6","In",241,"52","Z3_Z6_Z9_Z10_Z7_Z15_Z1_Z20",8
"F","0","BT",NA,NA,NA,NA,"Z5","Z5","Z2","In",243,"53","Z5_Z7_Z7_Z2_Z10_Z8_",7
"N","1","FT","BT",NA,NA,"Z5","Z2","Z3","Z2","In",244,"53","Z5_Z7_Z7_Z2_Z10_Z8_",7
"F","0","FT","FT",NA,"Z5","Z2","Z2","Z3","Z2","In",245,"53","Z5_Z7_Z7_Z2_Z10_Z8_",7
"N","1","BS","FT","Z5","Z2","Z2","Z2","Z2","Z5","In",246,"53","Z5_Z7_Z7_Z2_Z10_Z8_",7
"F","0","BT","BS","Z2","Z2","Z2","Z5","Z4","Z3","In",247,"53","Z5_Z7_Z7_Z2_Z10_Z8_",7
"N","0","BL",NA,NA,NA,NA,"Z2","Z2","Z4","In",254,"56","Z2_Z13_Z10_Z10_",5
"F","1","FT","BL",NA,NA,"Z2","Z4","Z5","Z5","In",255,"56","Z2_Z13_Z10_Z10_",5
"N","0","FT","FT",NA,"Z2","Z4","Z5","Z5","Z5","In",256,"56","Z2_Z13_Z10_Z10_",5
"F","0","BT",NA,NA,NA,NA,"Z6","Z5","Z3","In",259,"57","Z6_Z8_Z8_Z7_Z16_Z8_",7
"N","1","BT","BT",NA,NA,"Z6","Z3","Z3","Z3","In",260,"57","Z6_Z8_Z8_Z7_Z16_Z8_",7
"F","0","FT","BT",NA,"Z6","Z3","Z3","Z3","Z2","In",261,"57","Z6_Z8_Z8_Z7_Z16_Z8_",7
"F","0","BT",NA,NA,NA,NA,"Z3","Z3","Z3","In",266,"58","Z3_Z8_Z9_Z10",4
"N","1","BT","BT",NA,NA,"Z3","Z3","Z3","Z4","In",267,"58","Z3_Z8_Z9_Z10",4
"F","0","FT","BT",NA,"Z3","Z3","Z4","Z4","Z5","In",268,"58","Z3_Z8_Z9_Z10",4
"N","0","BS",NA,NA,NA,NA,"Z4","Z4","Z5","In",270,"59","Z4_Z5_Z10_Z18_Z6",5
"F","1","FT","BS",NA,NA,"Z4","Z5","Z6","Z5","In",271,"59","Z4_Z5_Z10_Z18_Z6",5
"N","0","FL","FT",NA,"Z4","Z5","Z5","Z5","Z1","In",272,"59","Z4_Z5_Z10_Z18_Z6",5
"F","1","FO","FL","Z4","Z5","Z5","Z1","Z1","Z6","In",273,"59","Z4_Z5_Z10_Z18_Z6",5
"F","0","FT",NA,NA,NA,NA,"Z4","Z4","Z3","In",277,"61","Z4_Z3_Z7_Z1_Z8_Z10",6
"N","1","FT","FT",NA,NA,"Z4","Z3","Z3","Z2","In",278,"61","Z4_Z3_Z7_Z1_Z8_Z10",6
"F","0","FT","FT",NA,"Z4","Z3","Z2","Z3","Z1","In",279,"61","Z4_Z3_Z7_Z1_Z8_Z10",6
"N","1","BT","FT","Z4","Z3","Z2","Z1","Z2","Z3","In",280,"61","Z4_Z3_Z7_Z1_Z8_Z10",6
"F","0","FT","BT","Z3","Z2","Z1","Z3","Z3","Z5","In",281,"61","Z4_Z3_Z7_Z1_Z8_Z10",6
"F","0","BT",NA,NA,NA,NA,"Z5","Z5","Z3","In",285,"63","Z5_Z8_Z10_Z5",4
"N","1","FT","BT",NA,NA,"Z5","Z3","Z3","Z5","In",286,"63","Z5_Z8_Z10_Z5",4
"F","0","BT","FT",NA,"Z5","Z3","Z5","Z4","Z5","In",287,"63","Z5_Z8_Z10_Z5",4
"F","0","FT",NA,NA,NA,NA,"Z2","Z2","Z4","Long",289,"64","Z2_Z13",2
"F","0","BT",NA,NA,NA,NA,"Z5","Z5","Z3","In",291,"65","Z5_Z12_Z13_Z10_Z5_Z10",6
"N","1","BT","BT",NA,NA,"Z5","Z3","Z3","Z4","In",292,"65","Z5_Z12_Z13_Z10_Z5_Z10",6
"F","0","FT","BT",NA,"Z5","Z3","Z4","Z4","Z5","In",293,"65","Z5_Z12_Z13_Z10_Z5_Z10",6
"N","1","FT","FT","Z5","Z3","Z4","Z5","Z5","Z5","In",294,"65","Z5_Z12_Z13_Z10_Z5_Z10",6
"F","0","BT","FT","Z3","Z4","Z5","Z5","Z5","Z5","Wide",295,"65","Z5_Z12_Z13_Z10_Z5_Z10",6
"F","0","FT",NA,NA,NA,NA,"Z2","Z2","Z3","In",297,"66","Z2_Z12_Z6",3
"N","1","FT","FT",NA,NA,"Z2","Z3","Z3","Z6","Wide",298,"66","Z2_Z12_Z6",3
"F","0","FT",NA,NA,NA,NA,"Z4","Z4","Z3","In",300,"67","Z4_Z12_Z9_Z7_Z2_Z12",6
"N","1","BT","FT",NA,NA,"Z4","Z3","Z3","Z4","In",301,"67","Z4_Z12_Z9_Z7_Z2_Z12",6
"F","0","FT","BT",NA,"Z4","Z3","Z4","Z4","Z2","In",302,"67","Z4_Z12_Z9_Z7_Z2_Z12",6
"N","1","BT","FT","Z4","Z3","Z4","Z2","Z2","Z2","In",303,"67","Z4_Z12_Z9_Z7_Z2_Z12",6
"F","0","FL","BT","Z3","Z4","Z2","Z2","Z2","Z3","Long",304,"67","Z4_Z12_Z9_Z7_Z2_Z12",6
"N","0","FT",NA,NA,NA,NA,"Z3","Z3","Z2","In",306,"68","Z3_Z7_Z7_Z4_Z2_Z1",6
"F","1","FT","FT",NA,NA,"Z3","Z2","Z3","Z2","In",307,"68","Z3_Z7_Z7_Z4_Z2_Z1",6
"N","0","BT","FT",NA,"Z3","Z2","Z2","Z2","Z4","In",308,"68","Z3_Z7_Z7_Z4_Z2_Z1",6
"F","1","FT","BT","Z3","Z2","Z2","Z4","Z4","Z2","In",309,"68","Z3_Z7_Z7_Z4_Z2_Z1",6
"N","0","BT","FT","Z2","Z2","Z4","Z2","Z2","Z1","In",310,"68","Z3_Z7_Z7_Z4_Z2_Z1",6
"N","0","FT",NA,NA,NA,NA,"Z4","Z3","Z5","In",312,"69","Z4_Z5_Z7_Z8_Z5_",6
"F","1","FT","FT",NA,NA,"Z4","Z5","Z5","Z2","In",313,"69","Z4_Z5_Z7_Z8_Z5_",6
"N","0","BS","FT",NA,"Z4","Z5","Z2","Z3","Z3","In",314,"69","Z4_Z5_Z7_Z8_Z5_",6
"F","1","FT","BS","Z4","Z5","Z2","Z3","Z3","Z5","In",315,"69","Z4_Z5_Z7_Z8_Z5_",6
"N","0","FT",NA,NA,NA,NA,"Z3","Z3","Z2","In",318,"70","Z3_Z7_Z10_Z14_Z9_Z7",6
"F","1","FT","FT",NA,NA,"Z3","Z2","Z3","Z5","In",319,"70","Z3_Z7_Z10_Z14_Z9_Z7",6
"N","0","FT","FT",NA,"Z3","Z2","Z5","Z5","Z5","In",320,"70","Z3_Z7_Z10_Z14_Z9_Z7",6
"F","1","BT","FT","Z3","Z2","Z5","Z5","Z5","Z4","In",321,"70","Z3_Z7_Z10_Z14_Z9_Z7",6
"N","0","FT","BT","Z2","Z5","Z5","Z4","Z4","Z2","Wide",322,"70","Z3_Z7_Z10_Z14_Z9_Z7",6
"N","0","BT",NA,NA,NA,NA,"Z5","Z4","Z5","In",324,"71","Z5_Z10_Z5_Z10_Z8_Z10",6
"F","1","BT","BT",NA,NA,"Z5","Z5","Z5","Z5","In",325,"71","Z5_Z10_Z5_Z10_Z8_Z10",6
"N","0","FT","BT",NA,"Z5","Z5","Z5","Z5","Z5","In",326,"71","Z5_Z10_Z5_Z10_Z8_Z10",6
"F","1","BT","FT","Z5","Z5","Z5","Z5","Z5","Z3","In",327,"71","Z5_Z10_Z5_Z10_Z8_Z10",6
"N","0","BT","BT","Z5","Z5","Z5","Z3","Z4","Z5","In",328,"71","Z5_Z10_Z5_Z10_Z8_Z10",6
"N","0","BT","BV","AT_NET","Z5","AT_NET","Z5","Z5","Z1","In",334,"72","Z1_Z16_Z10_Z16_Z5_Z15",6
"N","0","BT",NA,NA,NA,NA,"Z4","Z4","Z4","In",336,"73","Z4_Z4_Z7_Z19_Z5",5
"F","1","FT","BT",NA,NA,"Z4","Z4","Z4","Z2","In",337,"73","Z4_Z4_Z7_Z19_Z5",5
"N","0","FT",NA,NA,NA,NA,"Z2","Z3","Z4","In",341,"74","Z2_Z9_Z10_Z5_Z7_Z9_Z2_Z10_Z7_Z7_Z2_Z10_Z10_Z11_",15
"F","1","FT","FT",NA,NA,"Z2","Z4","Z4","Z5","In",342,"74","Z2_Z9_Z10_Z5_Z7_Z9_Z2_Z10_Z7_Z7_Z2_Z10_Z10_Z11_",15
"N","0","FT","FT",NA,"Z2","Z4","Z5","Z5","Z5","In",343,"74","Z2_Z9_Z10_Z5_Z7_Z9_Z2_Z10_Z7_Z7_Z2_Z10_Z10_Z11_",15
"F","1","FT","FT","Z2","Z4","Z5","Z5","Z5","Z2","In",344,"74","Z2_Z9_Z10_Z5_Z7_Z9_Z2_Z10_Z7_Z7_Z2_Z10_Z10_Z11_",15
"N","0","BT","FT","Z4","Z5","Z5","Z2","Z3","Z4","In",345,"74","Z2_Z9_Z10_Z5_Z7_Z9_Z2_Z10_Z7_Z7_Z2_Z10_Z10_Z11_",15
"F","1","BT","BT","Z5","Z5","Z2","Z4","Z4","Z2","In",346,"74","Z2_Z9_Z10_Z5_Z7_Z9_Z2_Z10_Z7_Z7_Z2_Z10_Z10_Z11_",15
"N","0","BS","BT","Z5","Z2","Z4","Z2","Z3","Z5","In",347,"74","Z2_Z9_Z10_Z5_Z7_Z9_Z2_Z10_Z7_Z7_Z2_Z10_Z10_Z11_",15
"F","1","BT","BS","Z2","Z4","Z2","Z5","Z5","Z2","In",348,"74","Z2_Z9_Z10_Z5_Z7_Z9_Z2_Z10_Z7_Z7_Z2_Z10_Z10_Z11_",15
"N","0","BS","BT","Z4","Z2","Z5","Z2","Z2","Z2","In",349,"74","Z2_Z9_Z10_Z5_Z7_Z9_Z2_Z10_Z7_Z7_Z2_Z10_Z10_Z11_",15
"F","1","FT","BS","Z2","Z5","Z2","Z2","Z3","Z2","In",350,"74","Z2_Z9_Z10_Z5_Z7_Z9_Z2_Z10_Z7_Z7_Z2_Z10_Z10_Z11_",15
"N","0","BT","FT","Z5","Z2","Z2","Z2","Z2","Z5","In",351,"74","Z2_Z9_Z10_Z5_Z7_Z9_Z2_Z10_Z7_Z7_Z2_Z10_Z10_Z11_",15
"F","1","BS","BT","Z2","Z2","Z2","Z5","Z3","Z5","In",352,"74","Z2_Z9_Z10_Z5_Z7_Z9_Z2_Z10_Z7_Z7_Z2_Z10_Z10_Z11_",15
"N","0","FT","BS","Z2","Z2","Z5","Z5","Z5","Z2","In",353,"74","Z2_Z9_Z10_Z5_Z7_Z9_Z2_Z10_Z7_Z7_Z2_Z10_Z10_Z11_",15
"N","0","BT",NA,NA,NA,NA,"Z4","Z4","Z3","In",356,"75","Z4_Z3_Z7_Z16_Z3_Z16_Z10",7
"F","1","FT","BT",NA,NA,"Z4","Z3","Z4","Z2","In",357,"75","Z4_Z3_Z7_Z16_Z3_Z16_Z10",7
"N","0","BT",NA,NA,NA,NA,"Z1","Z2","Z3","In",363,"76","Z1_Z8_Z5",3
"F","1","FT","BT",NA,NA,"Z1","Z3","Z4","Z5","In",364,"76","Z1_Z8_Z5",3
"N","0","BT",NA,NA,NA,NA,"Z4","Z4","Z3","In",366,"77","Z4_Z12_Z12_Z13_Z10_Z10_",7
"F","1","FT","BT",NA,NA,"Z4","Z3","Z4","Z3","In",367,"77","Z4_Z12_Z12_Z13_Z10_Z10_",7
"N","0","FT","FT",NA,"Z4","Z3","Z3","Z3","Z4","In",368,"77","Z4_Z12_Z12_Z13_Z10_Z10_",7
"F","1","BT","FT","Z4","Z3","Z3","Z4","Z4","Z5","In",369,"77","Z4_Z12_Z12_Z13_Z10_Z10_",7
"N","0","FT","BT","Z3","Z3","Z4","Z5","Z5","Z5","In",370,"77","Z4_Z12_Z12_Z13_Z10_Z10_",7
"N","0","BT",NA,NA,NA,NA,"Z2","Z2","Z2","In",373,"78","Z2_Z7_Z7_Z11",4
"F","1","FT","BT",NA,NA,"Z2","Z2","Z3","Z2","In",374,"78","Z2_Z7_Z7_Z11",4
"N","0","BT","FT",NA,"Z2","Z2","Z2","Z2","Z2","Long",375,"78","Z2_Z7_Z7_Z11",4
"F","0","FT",NA,NA,NA,NA,"Z2","Z2","Z2","In",377,"79","Z2_Z7_",3
"F","0","BT",NA,NA,NA,NA,"Z3","Z3","Z4","In",380,"80","Z3_Z13_Z4_Z6",4
"N","1","FT","BT",NA,NA,"Z3","Z4","Z4","Z4","In",381,"80","Z3_Z13_Z4_Z6",4
"F","0","FS","FT",NA,"Z3","Z4","Z4","Z5","Z6","In",382,"80","Z3_Z13_Z4_Z6",4
"F","0","BT",NA,NA,NA,NA,"Z5","Z5","Z3","In",384,"81","Z5_Z8_Z7_Z10_Z5_Z10_Z8_Z7_Z7_Z10_Z5_Z6_Z10",13
"N","1","FT","BT",NA,NA,"Z5","Z3","Z4","Z2","In",385,"81","Z5_Z8_Z7_Z10_Z5_Z10_Z8_Z7_Z7_Z10_Z5_Z6_Z10",13
"F","0","FT","FT",NA,"Z5","Z3","Z2","Z3","Z5","In",386,"81","Z5_Z8_Z7_Z10_Z5_Z10_Z8_Z7_Z7_Z10_Z5_Z6_Z10",13
"N","1","FT","FT","Z5","Z3","Z2","Z5","Z4","Z5","In",387,"81","Z5_Z8_Z7_Z10_Z5_Z10_Z8_Z7_Z7_Z10_Z5_Z6_Z10",13
"F","0","BT","FT","Z3","Z2","Z5","Z5","Z5","Z5","In",388,"81","Z5_Z8_Z7_Z10_Z5_Z10_Z8_Z7_Z7_Z10_Z5_Z6_Z10",13
"N","1","FT","BT","Z2","Z5","Z5","Z5","Z5","Z3","In",389,"81","Z5_Z8_Z7_Z10_Z5_Z10_Z8_Z7_Z7_Z10_Z5_Z6_Z10",13
"F","0","FT","FT","Z5","Z5","Z5","Z3","Z3","Z2","In",390,"81","Z5_Z8_Z7_Z10_Z5_Z10_Z8_Z7_Z7_Z10_Z5_Z6_Z10",13
"N","1","BT","FT","Z5","Z5","Z3","Z2","Z2","Z2","In",391,"81","Z5_Z8_Z7_Z10_Z5_Z10_Z8_Z7_Z7_Z10_Z5_Z6_Z10",13
"F","0","FT","BT","Z5","Z3","Z2","Z2","Z2","Z5","In",392,"81","Z5_Z8_Z7_Z10_Z5_Z10_Z8_Z7_Z7_Z10_Z5_Z6_Z10",13
"N","1","FT","FT","Z3","Z2","Z2","Z5","Z4","Z5","In",393,"81","Z5_Z8_Z7_Z10_Z5_Z10_Z8_Z7_Z7_Z10_Z5_Z6_Z10",13
"F","0","BS","FT","Z2","Z2","Z5","Z5","Z5","Z6","In",394,"81","Z5_Z8_Z7_Z10_Z5_Z10_Z8_Z7_Z7_Z10_Z5_Z6_Z10",13
"N","1","FT","BS","Z2","Z5","Z5","Z6","Z6","Z5","Wide",395,"81","Z5_Z8_Z7_Z10_Z5_Z10_Z8_Z7_Z7_Z10_Z5_Z6_Z10",13
"F","0","FT",NA,NA,NA,NA,"Z2","Z2","Z3","In",397,"82","Z2_Z8_Z7",3
"N","1","FT","FT",NA,NA,"Z2","Z3","Z3","Z2","In",398,"82","Z2_Z8_Z7",3
"F","0","BT",NA,NA,NA,NA,"Z3","Z3","Z5","In",402,"84","Z3_Z10_Z7_Z3_Z9_Z10_Z9_Z9_Z10_Z10_Z10_",12
"N","1","FT","BT",NA,NA,"Z3","Z5","Z4","Z2","In",403,"84","Z3_Z10_Z7_Z3_Z9_Z10_Z9_Z9_Z10_Z10_Z10_",12
"F","0","FT","FT",NA,"Z3","Z5","Z2","Z3","Z3","In",404,"84","Z3_Z10_Z7_Z3_Z9_Z10_Z9_Z9_Z10_Z10_Z10_",12
"N","1","BS","FT","Z3","Z5","Z2","Z3","Z3","Z4","In",405,"84","Z3_Z10_Z7_Z3_Z9_Z10_Z9_Z9_Z10_Z10_Z10_",12
"F","0","FT","BS","Z5","Z2","Z3","Z4","Z5","Z5","In",406,"84","Z3_Z10_Z7_Z3_Z9_Z10_Z9_Z9_Z10_Z10_Z10_",12
"N","1","FT","FT","Z2","Z3","Z4","Z5","Z5","Z4","In",407,"84","Z3_Z10_Z7_Z3_Z9_Z10_Z9_Z9_Z10_Z10_Z10_",12
"F","0","BT","FT","Z3","Z4","Z5","Z4","Z4","Z4","In",408,"84","Z3_Z10_Z7_Z3_Z9_Z10_Z9_Z9_Z10_Z10_Z10_",12
"N","1","FT","BT","Z4","Z5","Z4","Z4","Z4","Z5","In",409,"84","Z3_Z10_Z7_Z3_Z9_Z10_Z9_Z9_Z10_Z10_Z10_",12
"F","0","BT","FT","Z5","Z4","Z4","Z5","Z5","Z5","In",410,"84","Z3_Z10_Z7_Z3_Z9_Z10_Z9_Z9_Z10_Z10_Z10_",12
"N","1","FT","BT","Z4","Z4","Z5","Z5","Z5","Z5","In",411,"84","Z3_Z10_Z7_Z3_Z9_Z10_Z9_Z9_Z10_Z10_Z10_",12
"N","0","BS",NA,NA,NA,NA,"Z1","Z2","Z3","In",414,"85","Z1_Z8_Z10",3
"F","1","FT","BS",NA,NA,"Z1","Z3","Z3","Z5","Wide",415,"85","Z1_Z8_Z10",3
"N","0","BT",NA,NA,NA,NA,"Z4","Z4","Z5","In",417,"86","Z4_Z14_Z10_Z5_Z8_Z10_Z8_Z12_",9
"F","1","FT","BT",NA,NA,"Z4","Z5","Z5","Z5","In",418,"86","Z4_Z14_Z10_Z5_Z8_Z10_Z8_Z12_",9
"N","0","FT","FT",NA,"Z4","Z5","Z5","Z5","Z5","In",419,"86","Z4_Z14_Z10_Z5_Z8_Z10_Z8_Z12_",9
"F","1","BS","FT","Z4","Z5","Z5","Z5","Z4","Z3","In",420,"86","Z4_Z14_Z10_Z5_Z8_Z10_Z8_Z12_",9
"N","0","FT","BS","Z5","Z5","Z5","Z3","Z3","Z5","In",421,"86","Z4_Z14_Z10_Z5_Z8_Z10_Z8_Z12_",9
"F","1","BT","FT","Z5","Z5","Z3","Z5","Z4","Z3","In",422,"86","Z4_Z14_Z10_Z5_Z8_Z10_Z8_Z12_",9
"N","0","BT","BT","Z5","Z3","Z5","Z3","Z3","Z3","In",423,"86","Z4_Z14_Z10_Z5_Z8_Z10_Z8_Z12_",9
"N","0","FT",NA,NA,NA,NA,"Z3","Z3","Z4","In",426,"87","Z3_Z4_Z10",3
"F","1","FT","FT",NA,NA,"Z3","Z4","Z4","Z5","Wide",427,"87","Z3_Z4_Z10",3
"N","0","FT",NA,NA,NA,NA,"Z5","Z4","Z5","In",429,"88","Z5_Z5_Z8_Z9_Z8_Z8_Z7_Z10_",9
"F","1","BT","FT",NA,NA,"Z5","Z5","Z5","Z3","In",430,"88","Z5_Z5_Z8_Z9_Z8_Z8_Z7_Z10_",9
"N","0","FT","BT",NA,"Z5","Z5","Z3","Z3","Z4","In",431,"88","Z5_Z5_Z8_Z9_Z8_Z8_Z7_Z10_",9
"F","1","FT","FT","Z5","Z5","Z3","Z4","Z4","Z3","In",432,"88","Z5_Z5_Z8_Z9_Z8_Z8_Z7_Z10_",9
"N","0","BT","FT","Z5","Z3","Z4","Z3","Z3","Z3","In",433,"88","Z5_Z5_Z8_Z9_Z8_Z8_Z7_Z10_",9
"F","1","FT","BT","Z3","Z4","Z3","Z3","Z3","Z2","In",434,"88","Z5_Z5_Z8_Z9_Z8_Z8_Z7_Z10_",9
"N","0","BT","FT","Z4","Z3","Z3","Z2","Z2","Z5","In",435,"88","Z5_Z5_Z8_Z9_Z8_Z8_Z7_Z10_",9
"F","0","BT",NA,NA,NA,NA,"Z5","Z5","Z2","Wide",440,"90","Z5_Z7",2
"F","0","BT",NA,NA,NA,NA,"Z3","Z3","Z3","In",442,"91","Z3_Z8_Z7",3
"N","1","FT","BT",NA,NA,"Z3","Z3","Z2","Z2","Wide",443,"91","Z3_Z8_Z7",3
"F","0","BT",NA,NA,NA,NA,"Z5","Z5","Z3","In",445,"92","Z5_Z8_Z8_Z7_Z16_",6
"N","1","BT","BT",NA,NA,"Z5","Z3","Z3","Z3","In",446,"92","Z5_Z8_Z8_Z7_Z16_",6
"F","0","FT","BT",NA,"Z5","Z3","Z3","Z3","Z2","In",447,"92","Z5_Z8_Z8_Z7_Z16_",6
"F","0","BL",NA,NA,NA,NA,"Z3","Z3","Z4","In",451,"93","Z3_Z9_Z10_Z12_Z12_",6
"N","1","FT","BL",NA,NA,"Z3","Z4","Z3","Z5","In",452,"93","Z3_Z9_Z10_Z12_Z12_",6
"F","0","BT","FT",NA,"Z3","Z4","Z5","Z5","Z3","In",453,"93","Z3_Z9_Z10_Z12_Z12_",6
"N","1","FT","BT","Z3","Z4","Z5","Z3","Z3","Z3","In",454,"93","Z3_Z9_Z10_Z12_Z12_",6
"N","0","FT",NA,NA,NA,NA,"Z3","Z3","Z2","In",457,"94","Z3_Z2_Z7",3
"F","1","FT","FT",NA,NA,"Z3","Z2","Z3","Z2","In",458,"94","Z3_Z2_Z7",3
"N","0","BT",NA,NA,NA,NA,"Z1","Z2","Z4","In",463,"96","Z1_Z4_Z13",3
"F","1","FT","BT",NA,NA,"Z1","Z4","Z4","Z4","In",464,"96","Z1_Z4_Z13",3
"N","0","BT",NA,NA,NA,NA,"Z4","Z4","Z5","In",466,"97","Z4_Z5_Z7_Z10_Z12",5
"F","1","BT","BT",NA,NA,"Z4","Z5","Z4","Z2","In",467,"97","Z4_Z5_Z7_Z10_Z12",5
"N","0","BT","BT",NA,"Z4","Z5","Z2","Z4","Z5","In",468,"97","Z4_Z5_Z7_Z10_Z12",5
"F","1","BL","BT","Z4","Z5","Z2","Z5","Z4","Z3","Long",469,"97","Z4_Z5_Z7_Z10_Z12",5
"N","0","BT",NA,NA,NA,NA,"Z2","Z2","Z4","In",471,"98","Z2_Z9_",3
"N","0","BS",NA,NA,NA,NA,"Z4","Z4","Z4","In",474,"99","Z4_Z4_",3
"F","0","BT",NA,NA,NA,NA,"Z3","Z3","Z5","In",481,"102","Z3_Z10_Z7_Z12",4
"N","1","FT","BT",NA,NA,"Z3","Z5","Z4","Z2","In",482,"102","Z3_Z10_Z7_Z12",4
"F","0","FT","FT",NA,"Z3","Z5","Z2","Z3","Z3","Long",483,"102","Z3_Z10_Z7_Z12",4
"F","0","FT",NA,NA,NA,NA,"Z2","Z3","Z4","In",494,"106","Z2_Z9_Z8_Z9_Z7_Z12_Z10_Z8_Z8_Z10_Z5_Z14",12
"N","1","FT","FT",NA,NA,"Z2","Z4","Z4","Z3","In",495,"106","Z2_Z9_Z8_Z9_Z7_Z12_Z10_Z8_Z8_Z10_Z5_Z14",12
"F","0","FT","FT",NA,"Z2","Z4","Z3","Z4","Z4","In",496,"106","Z2_Z9_Z8_Z9_Z7_Z12_Z10_Z8_Z8_Z10_Z5_Z14",12
"N","1","FT","FT","Z2","Z4","Z3","Z4","Z4","Z2","In",497,"106","Z2_Z9_Z8_Z9_Z7_Z12_Z10_Z8_Z8_Z10_Z5_Z14",12
"F","0","FT","FT","Z4","Z3","Z4","Z2","Z3","Z3","In",498,"106","Z2_Z9_Z8_Z9_Z7_Z12_Z10_Z8_Z8_Z10_Z5_Z14",12
"N","1","BT","FT","Z3","Z4","Z2","Z3","Z3","Z5","In",499,"106","Z2_Z9_Z8_Z9_Z7_Z12_Z10_Z8_Z8_Z10_Z5_Z14",12
"F","0","BT","BT","Z4","Z2","Z3","Z5","Z4","Z3","In",500,"106","Z2_Z9_Z8_Z9_Z7_Z12_Z10_Z8_Z8_Z10_Z5_Z14",12
"N","1","BT","BT","Z2","Z3","Z5","Z3","Z3","Z3","In",501,"106","Z2_Z9_Z8_Z9_Z7_Z12_Z10_Z8_Z8_Z10_Z5_Z14",12
"F","0","FT","BT","Z3","Z5","Z3","Z3","Z3","Z5","In",502,"106","Z2_Z9_Z8_Z9_Z7_Z12_Z10_Z8_Z8_Z10_Z5_Z14",12
"N","1","FT","FT","Z5","Z3","Z3","Z5","Z4","Z5","In",503,"106","Z2_Z9_Z8_Z9_Z7_Z12_Z10_Z8_Z8_Z10_Z5_Z14",12
"F","0","BT","FT","Z3","Z3","Z5","Z5","Z5","Z5","Long",504,"106","Z2_Z9_Z8_Z9_Z7_Z12_Z10_Z8_Z8_Z10_Z5_Z14",12
"F","0","FT",NA,NA,NA,NA,"Z2","Z2","Z2","Long",516,"112","Z2_Z11",2
"F","0","FT",NA,NA,NA,NA,"Z4","Z4","Z3","In",518,"113","Z4_Z8_Z9_Z11_Z5_Z7_Z12",7
"N","1","FT","FT",NA,NA,"Z4","Z3","Z3","Z4","In",519,"113","Z4_Z8_Z9_Z11_Z5_Z7_Z12",7
"F","0","BT","FT",NA,"Z4","Z3","Z4","Z4","Z2","In",520,"113","Z4_Z8_Z9_Z11_Z5_Z7_Z12",7
"N","1","BT","BT","Z4","Z3","Z4","Z2","Z3","Z5","In",521,"113","Z4_Z8_Z9_Z11_Z5_Z7_Z12",7
"F","0","BT","BT","Z3","Z4","Z2","Z5","Z4","Z2","In",522,"113","Z4_Z8_Z9_Z11_Z5_Z7_Z12",7
"N","1","BT","BT","Z4","Z2","Z5","Z2","Z3","Z3","Long",523,"113","Z4_Z8_Z9_Z11_Z5_Z7_Z12",7
"F","0","FL",NA,NA,NA,NA,"Z2","Z2","Z3","Long",525,"114","Z2_Z12",2
"F","0","FT",NA,NA,NA,NA,"Z5","Z5","Z3","In",527,"115","Z5_Z8_Z11_Z10_Z5_Z7",6
"N","1","BT","FT",NA,NA,"Z5","Z3","Z3","Z2","In",528,"115","Z5_Z8_Z11_Z10_Z5_Z7",6
"F","0","FT","BT",NA,"Z5","Z3","Z2","Z2","Z5","In",529,"115","Z5_Z8_Z11_Z10_Z5_Z7",6
"N","1","FT","FT","Z5","Z3","Z2","Z5","Z5","Z5","In",530,"115","Z5_Z8_Z11_Z10_Z5_Z7",6
"F","0","BT","FT","Z3","Z2","Z5","Z5","Z5","Z2","In",531,"115","Z5_Z8_Z11_Z10_Z5_Z7",6
"F","0","FT",NA,NA,NA,NA,"Z2","Z2","Z3","In",533,"116","Z2_Z8_Z8_Z10_Z7_Z7",6
"N","1","FT","FT",NA,NA,"Z2","Z3","Z3","Z3","In",534,"116","Z2_Z8_Z8_Z10_Z7_Z7",6
"F","0","FT","FT",NA,"Z2","Z3","Z3","Z3","Z5","In",535,"116","Z2_Z8_Z8_Z10_Z7_Z7",6
"N","1","FT","FT","Z2","Z3","Z3","Z5","Z5","Z2","In",536,"116","Z2_Z8_Z8_Z10_Z7_Z7",6
"F","0","FT","FT","Z3","Z3","Z5","Z2","Z2","Z2","In",537,"116","Z2_Z8_Z8_Z10_Z7_Z7",6
"F","0","FT",NA,NA,NA,NA,"Z4","Z4","Z3","In",539,"117","Z4_Z8_Z8_Z8_Z10_Z17_Z1_Z17_Z4_Z10_Z16_Z7",12
"N","1","FT","FT",NA,NA,"Z4","Z3","Z3","Z3","In",540,"117","Z4_Z8_Z8_Z8_Z10_Z17_Z1_Z17_Z4_Z10_Z16_Z7",12
"F","0","FT","FT",NA,"Z4","Z3","Z3","Z4","Z3","In",541,"117","Z4_Z8_Z8_Z8_Z10_Z17_Z1_Z17_Z4_Z10_Z16_Z7",12
"N","1","BT","FT","Z4","Z3","Z3","Z3","Z3","Z5","In",542,"117","Z4_Z8_Z8_Z8_Z10_Z17_Z1_Z17_Z4_Z10_Z16_Z7",12
"F","0","FS","BT","Z3","Z3","Z3","Z5","Z5","Z6","In",543,"117","Z4_Z8_Z8_Z8_Z10_Z17_Z1_Z17_Z4_Z10_Z16_Z7",12
"N","1","FV","FS","Z3","Z3","Z5","Z6","AT_NET","Z1","In",544,"117","Z4_Z8_Z8_Z8_Z10_Z17_Z1_Z17_Z4_Z10_Z16_Z7",12
"F","0","FT","FV","Z3","Z5","Z6","Z1","Z2","Z6","In",545,"117","Z4_Z8_Z8_Z8_Z10_Z17_Z1_Z17_Z4_Z10_Z16_Z7",12
"N","1","FV","FT","Z5","Z6","Z1","Z6","Z6","Z4","In",546,"117","Z4_Z8_Z8_Z8_Z10_Z17_Z1_Z17_Z4_Z10_Z16_Z7",12
"F","0","BT","FV","Z6","Z1","Z6","Z4","Z3","Z5","In",547,"117","Z4_Z8_Z8_Z8_Z10_Z17_Z1_Z17_Z4_Z10_Z16_Z7",12
"N","0","FT",NA,NA,NA,NA,"Z2","Z3","Z3","In",551,"118","Z2_Z8_Z9_Z10_Z9_Z5_Z5_Z8_Z9_Z9_Z8_Z7",12
"F","1","FT","FT",NA,NA,"Z2","Z3","Z3","Z4","In",552,"118","Z2_Z8_Z9_Z10_Z9_Z5_Z5_Z8_Z9_Z9_Z8_Z7",12
"N","0","FT","FT",NA,"Z2","Z3","Z4","Z4","Z5","In",553,"118","Z2_Z8_Z9_Z10_Z9_Z5_Z5_Z8_Z9_Z9_Z8_Z7",12
"F","1","BT","FT","Z2","Z3","Z4","Z5","Z4","Z4","In",554,"118","Z2_Z8_Z9_Z10_Z9_Z5_Z5_Z8_Z9_Z9_Z8_Z7",12
"N","0","FT","BT","Z3","Z4","Z5","Z4","Z4","Z5","In",555,"118","Z2_Z8_Z9_Z10_Z9_Z5_Z5_Z8_Z9_Z9_Z8_Z7",12
"F","1","BS","FT","Z4","Z5","Z4","Z5","Z5","Z5","In",556,"118","Z2_Z8_Z9_Z10_Z9_Z5_Z5_Z8_Z9_Z9_Z8_Z7",12
"N","0","FT","BS","Z5","Z4","Z5","Z5","Z5","Z3","In",557,"118","Z2_Z8_Z9_Z10_Z9_Z5_Z5_Z8_Z9_Z9_Z8_Z7",12
"F","1","FT","FT","Z4","Z5","Z5","Z3","Z3","Z4","In",558,"118","Z2_Z8_Z9_Z10_Z9_Z5_Z5_Z8_Z9_Z9_Z8_Z7",12
"N","0","FT","FT","Z5","Z5","Z3","Z4","Z4","Z4","In",559,"118","Z2_Z8_Z9_Z10_Z9_Z5_Z5_Z8_Z9_Z9_Z8_Z7",12
"F","1","BT","FT","Z5","Z3","Z4","Z4","Z4","Z3","In",560,"118","Z2_Z8_Z9_Z10_Z9_Z5_Z5_Z8_Z9_Z9_Z8_Z7",12
"N","0","FT","BT","Z3","Z4","Z4","Z3","Z3","Z2","In",561,"118","Z2_Z8_Z9_Z10_Z9_Z5_Z5_Z8_Z9_Z9_Z8_Z7",12
"N","0","FT",NA,NA,NA,NA,"Z5","Z5","Z5","In",563,"119","Z5_Z5_Z7_Z17_",5
"F","1","BS","FT",NA,NA,"Z5","Z5","Z4","Z2","In",564,"119","Z5_Z5_Z7_Z17_",5
"N","0","BT","BS",NA,"Z5","Z5","Z2","Z2","Z6","In",565,"119","Z5_Z5_Z7_Z17_",5
"N","0","BT",NA,NA,NA,NA,"Z2","Z2","Z4","Long",568,"120","Z2_Z13",2
"N","0","FT",NA,NA,NA,NA,"Z4","Z4","Z4","In",573,"122","Z4_Z9_Z12_Z5_Z10_Z5_Z10_Z14_Z8_Z2_Z7_Z9_Z8_Z10_Z8_Z7_Z7_Z7_Z13_Z9_Z8_Z8_Z7_Z13",24
"F","1","FT","FT",NA,NA,"Z4","Z4","Z5","Z3","In",574,"122","Z4_Z9_Z12_Z5_Z10_Z5_Z10_Z14_Z8_Z2_Z7_Z9_Z8_Z10_Z8_Z7_Z7_Z7_Z13_Z9_Z8_Z8_Z7_Z13",24
"N","0","FT","FT",NA,"Z4","Z4","Z3","Z3","Z5","In",575,"122","Z4_Z9_Z12_Z5_Z10_Z5_Z10_Z14_Z8_Z2_Z7_Z9_Z8_Z10_Z8_Z7_Z7_Z7_Z13_Z9_Z8_Z8_Z7_Z13",24
"F","1","BT","FT","Z4","Z4","Z3","Z5","Z4","Z5","In",576,"122","Z4_Z9_Z12_Z5_Z10_Z5_Z10_Z14_Z8_Z2_Z7_Z9_Z8_Z10_Z8_Z7_Z7_Z7_Z13_Z9_Z8_Z8_Z7_Z13",24
"N","0","FT","BT","Z4","Z3","Z5","Z5","Z5","Z5","In",577,"122","Z4_Z9_Z12_Z5_Z10_Z5_Z10_Z14_Z8_Z2_Z7_Z9_Z8_Z10_Z8_Z7_Z7_Z7_Z13_Z9_Z8_Z8_Z7_Z13",24
"F","1","BT","FT","Z3","Z5","Z5","Z5","Z5","Z5","In",578,"122","Z4_Z9_Z12_Z5_Z10_Z5_Z10_Z14_Z8_Z2_Z7_Z9_Z8_Z10_Z8_Z7_Z7_Z7_Z13_Z9_Z8_Z8_Z7_Z13",24
"N","0","FT","BT","Z5","Z5","Z5","Z5","Z5","Z5","In",579,"122","Z4_Z9_Z12_Z5_Z10_Z5_Z10_Z14_Z8_Z2_Z7_Z9_Z8_Z10_Z8_Z7_Z7_Z7_Z13_Z9_Z8_Z8_Z7_Z13",24
"F","1","BT","FT","Z5","Z5","Z5","Z5","Z5","Z3","In",580,"122","Z4_Z9_Z12_Z5_Z10_Z5_Z10_Z14_Z8_Z2_Z7_Z9_Z8_Z10_Z8_Z7_Z7_Z7_Z13_Z9_Z8_Z8_Z7_Z13",24
"N","0","FT","BT","Z5","Z5","Z5","Z3","Z3","Z2","In",581,"122","Z4_Z9_Z12_Z5_Z10_Z5_Z10_Z14_Z8_Z2_Z7_Z9_Z8_Z10_Z8_Z7_Z7_Z7_Z13_Z9_Z8_Z8_Z7_Z13",24
"F","1","FT","FT","Z5","Z5","Z3","Z2","Z2","Z2","In",582,"122","Z4_Z9_Z12_Z5_Z10_Z5_Z10_Z14_Z8_Z2_Z7_Z9_Z8_Z10_Z8_Z7_Z7_Z7_Z13_Z9_Z8_Z8_Z7_Z13",24
"N","0","BT","FT","Z5","Z3","Z2","Z2","Z2","Z4","In",583,"122","Z4_Z9_Z12_Z5_Z10_Z5_Z10_Z14_Z8_Z2_Z7_Z9_Z8_Z10_Z8_Z7_Z7_Z7_Z13_Z9_Z8_Z8_Z7_Z13",24
"F","1","BT","BT","Z3","Z2","Z2","Z4","Z4","Z3","In",584,"122","Z4_Z9_Z12_Z5_Z10_Z5_Z10_Z14_Z8_Z2_Z7_Z9_Z8_Z10_Z8_Z7_Z7_Z7_Z13_Z9_Z8_Z8_Z7_Z13",24
"N","0","FT","BT","Z2","Z2","Z4","Z3","Z3","Z5","In",585,"122","Z4_Z9_Z12_Z5_Z10_Z5_Z10_Z14_Z8_Z2_Z7_Z9_Z8_Z10_Z8_Z7_Z7_Z7_Z13_Z9_Z8_Z8_Z7_Z13",24
"F","1","BS","FT","Z2","Z4","Z3","Z5","Z5","Z3","In",586,"122","Z4_Z9_Z12_Z5_Z10_Z5_Z10_Z14_Z8_Z2_Z7_Z9_Z8_Z10_Z8_Z7_Z7_Z7_Z13_Z9_Z8_Z8_Z7_Z13",24
"N","0","FT","BS","Z4","Z3","Z5","Z3","Z2","Z2","In",587,"122","Z4_Z9_Z12_Z5_Z10_Z5_Z10_Z14_Z8_Z2_Z7_Z9_Z8_Z10_Z8_Z7_Z7_Z7_Z13_Z9_Z8_Z8_Z7_Z13",24
"F","1","FT","FT","Z3","Z5","Z3","Z2","Z2","Z2","In",588,"122","Z4_Z9_Z12_Z5_Z10_Z5_Z10_Z14_Z8_Z2_Z7_Z9_Z8_Z10_Z8_Z7_Z7_Z7_Z13_Z9_Z8_Z8_Z7_Z13",24
"N","0","BT","FT","Z5","Z3","Z2","Z2","Z3","Z2","In",589,"122","Z4_Z9_Z12_Z5_Z10_Z5_Z10_Z14_Z8_Z2_Z7_Z9_Z8_Z10_Z8_Z7_Z7_Z7_Z13_Z9_Z8_Z8_Z7_Z13",24
"F","1","FT","BT","Z3","Z2","Z2","Z2","Z2","Z4","In",590,"122","Z4_Z9_Z12_Z5_Z10_Z5_Z10_Z14_Z8_Z2_Z7_Z9_Z8_Z10_Z8_Z7_Z7_Z7_Z13_Z9_Z8_Z8_Z7_Z13",24
"N","0","FT","FT","Z2","Z2","Z2","Z4","Z3","Z4","In",591,"122","Z4_Z9_Z12_Z5_Z10_Z5_Z10_Z14_Z8_Z2_Z7_Z9_Z8_Z10_Z8_Z7_Z7_Z7_Z13_Z9_Z8_Z8_Z7_Z13",24
"F","1","BS","FT","Z2","Z2","Z4","Z4","Z4","Z3","In",592,"122","Z4_Z9_Z12_Z5_Z10_Z5_Z10_Z14_Z8_Z2_Z7_Z9_Z8_Z10_Z8_Z7_Z7_Z7_Z13_Z9_Z8_Z8_Z7_Z13",24
"N","0","FT","BS","Z2","Z4","Z4","Z3","Z3","Z3","In",593,"122","Z4_Z9_Z12_Z5_Z10_Z5_Z10_Z14_Z8_Z2_Z7_Z9_Z8_Z10_Z8_Z7_Z7_Z7_Z13_Z9_Z8_Z8_Z7_Z13",24
"F","1","FT","FT","Z4","Z4","Z3","Z3","Z3","Z2","In",594,"122","Z4_Z9_Z12_Z5_Z10_Z5_Z10_Z14_Z8_Z2_Z7_Z9_Z8_Z10_Z8_Z7_Z7_Z7_Z13_Z9_Z8_Z8_Z7_Z13",24
"N","0","BT","FT","Z4","Z3","Z3","Z2","Z2","Z4","Long",595,"122","Z4_Z9_Z12_Z5_Z10_Z5_Z10_Z14_Z8_Z2_Z7_Z9_Z8_Z10_Z8_Z7_Z7_Z7_Z13_Z9_Z8_Z8_Z7_Z13",24
"N","0","BT",NA,NA,NA,NA,"Z2","Z2","Z4","In",597,"123","Z2_Z13_",3
"N","0","BT",NA,NA,NA,NA,"Z4","Z4","Z5","In",600,"124","Z4_Z5_Z7_",4
"F","1","FT","BT",NA,NA,"Z4","Z5","Z5","Z2","In",601,"124","Z4_Z5_Z7_",4
"N","0","FT",NA,NA,NA,NA,"Z2","Z2","Z5","In",604,"125","Z2_Z5_Z8_Z5_Z7_Z3_Z8_Z4_Z7_Z10_Z5_Z10_Z9_Z7_Z2_Z8_Z8_Z10_Z8_Z10_Z14_Z8_Z8_Z13_Z8_Z7",26
"F","1","BT","FT",NA,NA,"Z2","Z5","Z4","Z3","In",605,"125","Z2_Z5_Z8_Z5_Z7_Z3_Z8_Z4_Z7_Z10_Z5_Z10_Z9_Z7_Z2_Z8_Z8_Z10_Z8_Z10_Z14_Z8_Z8_Z13_Z8_Z7",26
"N","0","BT","BT",NA,"Z2","Z5","Z3","Z3","Z5","In",606,"125","Z2_Z5_Z8_Z5_Z7_Z3_Z8_Z4_Z7_Z10_Z5_Z10_Z9_Z7_Z2_Z8_Z8_Z10_Z8_Z10_Z14_Z8_Z8_Z13_Z8_Z7",26
"F","1","BT","BT","Z2","Z5","Z3","Z5","Z4","Z2","In",607,"125","Z2_Z5_Z8_Z5_Z7_Z3_Z8_Z4_Z7_Z10_Z5_Z10_Z9_Z7_Z2_Z8_Z8_Z10_Z8_Z10_Z14_Z8_Z8_Z13_Z8_Z7",26
"N","0","BT","BT","Z5","Z3","Z5","Z2","Z3","Z3","In",608,"125","Z2_Z5_Z8_Z5_Z7_Z3_Z8_Z4_Z7_Z10_Z5_Z10_Z9_Z7_Z2_Z8_Z8_Z10_Z8_Z10_Z14_Z8_Z8_Z13_Z8_Z7",26
"F","1","FT","BT","Z3","Z5","Z2","Z3","Z3","Z3","In",609,"125","Z2_Z5_Z8_Z5_Z7_Z3_Z8_Z4_Z7_Z10_Z5_Z10_Z9_Z7_Z2_Z8_Z8_Z10_Z8_Z10_Z14_Z8_Z8_Z13_Z8_Z7",26
"N","0","BT","FT","Z5","Z2","Z3","Z3","Z3","Z4","In",610,"125","Z2_Z5_Z8_Z5_Z7_Z3_Z8_Z4_Z7_Z10_Z5_Z10_Z9_Z7_Z2_Z8_Z8_Z10_Z8_Z10_Z14_Z8_Z8_Z13_Z8_Z7",26
"F","1","FT","BT","Z2","Z3","Z3","Z4","Z4","Z2","In",611,"125","Z2_Z5_Z8_Z5_Z7_Z3_Z8_Z4_Z7_Z10_Z5_Z10_Z9_Z7_Z2_Z8_Z8_Z10_Z8_Z10_Z14_Z8_Z8_Z13_Z8_Z7",26
"N","0","BT","FT","Z3","Z3","Z4","Z2","Z2","Z5","In",612,"125","Z2_Z5_Z8_Z5_Z7_Z3_Z8_Z4_Z7_Z10_Z5_Z10_Z9_Z7_Z2_Z8_Z8_Z10_Z8_Z10_Z14_Z8_Z8_Z13_Z8_Z7",26
"F","1","FT","BT","Z3","Z4","Z2","Z5","Z4","Z5","In",613,"125","Z2_Z5_Z8_Z5_Z7_Z3_Z8_Z4_Z7_Z10_Z5_Z10_Z9_Z7_Z2_Z8_Z8_Z10_Z8_Z10_Z14_Z8_Z8_Z13_Z8_Z7",26
"N","0","FT","FT","Z4","Z2","Z5","Z5","Z4","Z5","In",614,"125","Z2_Z5_Z8_Z5_Z7_Z3_Z8_Z4_Z7_Z10_Z5_Z10_Z9_Z7_Z2_Z8_Z8_Z10_Z8_Z10_Z14_Z8_Z8_Z13_Z8_Z7",26
"F","1","BT","FT","Z2","Z5","Z5","Z5","Z4","Z4","In",615,"125","Z2_Z5_Z8_Z5_Z7_Z3_Z8_Z4_Z7_Z10_Z5_Z10_Z9_Z7_Z2_Z8_Z8_Z10_Z8_Z10_Z14_Z8_Z8_Z13_Z8_Z7",26
"N","0","FT","BT","Z5","Z5","Z5","Z4","Z3","Z2","In",616,"125","Z2_Z5_Z8_Z5_Z7_Z3_Z8_Z4_Z7_Z10_Z5_Z10_Z9_Z7_Z2_Z8_Z8_Z10_Z8_Z10_Z14_Z8_Z8_Z13_Z8_Z7",26
"F","1","FT","FT","Z5","Z5","Z4","Z2","Z3","Z2","In",617,"125","Z2_Z5_Z8_Z5_Z7_Z3_Z8_Z4_Z7_Z10_Z5_Z10_Z9_Z7_Z2_Z8_Z8_Z10_Z8_Z10_Z14_Z8_Z8_Z13_Z8_Z7",26
"N","0","BT","FT","Z5","Z4","Z2","Z2","Z3","Z3","In",618,"125","Z2_Z5_Z8_Z5_Z7_Z3_Z8_Z4_Z7_Z10_Z5_Z10_Z9_Z7_Z2_Z8_Z8_Z10_Z8_Z10_Z14_Z8_Z8_Z13_Z8_Z7",26
"F","1","FT","BT","Z4","Z2","Z2","Z3","Z3","Z3","In",619,"125","Z2_Z5_Z8_Z5_Z7_Z3_Z8_Z4_Z7_Z10_Z5_Z10_Z9_Z7_Z2_Z8_Z8_Z10_Z8_Z10_Z14_Z8_Z8_Z13_Z8_Z7",26
"N","0","FT","FT","Z2","Z2","Z3","Z3","Z3","Z5","In",620,"125","Z2_Z5_Z8_Z5_Z7_Z3_Z8_Z4_Z7_Z10_Z5_Z10_Z9_Z7_Z2_Z8_Z8_Z10_Z8_Z10_Z14_Z8_Z8_Z13_Z8_Z7",26
"F","1","BT","FT","Z2","Z3","Z3","Z5","Z4","Z3","In",621,"125","Z2_Z5_Z8_Z5_Z7_Z3_Z8_Z4_Z7_Z10_Z5_Z10_Z9_Z7_Z2_Z8_Z8_Z10_Z8_Z10_Z14_Z8_Z8_Z13_Z8_Z7",26
"N","0","FT","BT","Z3","Z3","Z5","Z3","Z3","Z5","In",622,"125","Z2_Z5_Z8_Z5_Z7_Z3_Z8_Z4_Z7_Z10_Z5_Z10_Z9_Z7_Z2_Z8_Z8_Z10_Z8_Z10_Z14_Z8_Z8_Z13_Z8_Z7",26
"F","1","BT","FT","Z3","Z5","Z3","Z5","Z4","Z5","In",623,"125","Z2_Z5_Z8_Z5_Z7_Z3_Z8_Z4_Z7_Z10_Z5_Z10_Z9_Z7_Z2_Z8_Z8_Z10_Z8_Z10_Z14_Z8_Z8_Z13_Z8_Z7",26
"N","0","FT","BT","Z5","Z3","Z5","Z5","Z5","Z3","In",624,"125","Z2_Z5_Z8_Z5_Z7_Z3_Z8_Z4_Z7_Z10_Z5_Z10_Z9_Z7_Z2_Z8_Z8_Z10_Z8_Z10_Z14_Z8_Z8_Z13_Z8_Z7",26
"F","1","FT","FT","Z3","Z5","Z5","Z3","Z4","Z3","In",625,"125","Z2_Z5_Z8_Z5_Z7_Z3_Z8_Z4_Z7_Z10_Z5_Z10_Z9_Z7_Z2_Z8_Z8_Z10_Z8_Z10_Z14_Z8_Z8_Z13_Z8_Z7",26
"N","0","BT","FT","Z5","Z5","Z3","Z3","Z3","Z4","In",626,"125","Z2_Z5_Z8_Z5_Z7_Z3_Z8_Z4_Z7_Z10_Z5_Z10_Z9_Z7_Z2_Z8_Z8_Z10_Z8_Z10_Z14_Z8_Z8_Z13_Z8_Z7",26
"F","1","BT","BT","Z5","Z3","Z3","Z4","Z4","Z3","In",627,"125","Z2_Z5_Z8_Z5_Z7_Z3_Z8_Z4_Z7_Z10_Z5_Z10_Z9_Z7_Z2_Z8_Z8_Z10_Z8_Z10_Z14_Z8_Z8_Z13_Z8_Z7",26
"N","0","FT","BT","Z3","Z3","Z4","Z3","Z3","Z2","Wide",628,"125","Z2_Z5_Z8_Z5_Z7_Z3_Z8_Z4_Z7_Z10_Z5_Z10_Z9_Z7_Z2_Z8_Z8_Z10_Z8_Z10_Z14_Z8_Z8_Z13_Z8_Z7",26
"N","0","BT",NA,NA,NA,NA,"Z5","Z4","Z4","In",630,"126","Z5_Z9_Z7_Z10_Z10_",6
"F","1","FT","BT",NA,NA,"Z5","Z4","Z4","Z2","In",631,"126","Z5_Z9_Z7_Z10_Z10_",6
"N","0","BT","FT",NA,"Z5","Z4","Z2","Z2","Z5","In",632,"126","Z5_Z9_Z7_Z10_Z10_",6
"F","1","BT","BT","Z5","Z4","Z2","Z5","Z4","Z5","In",633,"126","Z5_Z9_Z7_Z10_Z10_",6
"F","0","FT",NA,NA,NA,NA,"Z2","Z3","Z2","In",636,"127","Z2_Z2_Z8_Z10_Z2_Z7",6
"N","1","BT","FT",NA,NA,"Z2","Z2","Z2","Z3","In",637,"127","Z2_Z2_Z8_Z10_Z2_Z7",6
"F","0","FT","BT",NA,"Z2","Z2","Z3","Z3","Z5","In",638,"127","Z2_Z2_Z8_Z10_Z2_Z7",6
"N","1","FT","FT","Z2","Z2","Z3","Z5","Z4","Z2","In",639,"127","Z2_Z2_Z8_Z10_Z2_Z7",6
"F","0","FT","FT","Z2","Z3","Z5","Z2","Z3","Z2","In",640,"127","Z2_Z2_Z8_Z10_Z2_Z7",6
"F","0","FL",NA,NA,NA,NA,"Z4","Z4","Z4","In",642,"128","Z4_Z4_Z10_Z18_Z16_Z5",6
"N","1","FT","FL",NA,NA,"Z4","Z4","Z3","Z5","In",643,"128","Z4_Z4_Z10_Z18_Z16_Z5",6
"F","0","BL","FT",NA,"Z4","Z4","Z5","Z5","Z1","In",644,"128","Z4_Z4_Z10_Z18_Z16_Z5",6
"F","0","BT",NA,NA,NA,NA,"Z5","Z5","Z4","In",650,"130","Z5_Z9_Z12",3
"N","1","FT","BT",NA,NA,"Z5","Z4","Z4","Z3","Long",651,"130","Z5_Z9_Z12",3
"F","0","FT",NA,NA,NA,NA,"Z4","Z4","Z2","In",655,"132","Z4_Z2_Z7_",4
"N","1","FT","FT",NA,NA,"Z4","Z2","Z3","Z2","In",656,"132","Z4_Z2_Z7_",4
"F","0","BT",NA,NA,NA,NA,"Z3","Z3","Z3","In",659,"133","Z3_Z8_Z10_",4
"N","1","FT","BT",NA,NA,"Z3","Z3","Z3","Z5","In",660,"133","Z3_Z8_Z10_",4
"N","0","FT",NA,NA,NA,NA,"Z3","Z2","Z3","In",665,"135","Z3_Z8_Z4_Z9_Z9_Z9_Z8_Z10_Z7_Z5_Z8_Z8_Z8_Z8_Z11_Z7_Z7_Z2_Z13_",20
"F","1","FT","FT",NA,NA,"Z3","Z3","Z4","Z4","In",666,"135","Z3_Z8_Z4_Z9_Z9_Z9_Z8_Z10_Z7_Z5_Z8_Z8_Z8_Z8_Z11_Z7_Z7_Z2_Z13_",20
"N","0","FT","FT",NA,"Z3","Z3","Z4","Z4","Z4","In",667,"135","Z3_Z8_Z4_Z9_Z9_Z9_Z8_Z10_Z7_Z5_Z8_Z8_Z8_Z8_Z11_Z7_Z7_Z2_Z13_",20
"F","1","FT","FT","Z3","Z3","Z4","Z4","Z4","Z4","In",668,"135","Z3_Z8_Z4_Z9_Z9_Z9_Z8_Z10_Z7_Z5_Z8_Z8_Z8_Z8_Z11_Z7_Z7_Z2_Z13_",20
"N","0","FT","FT","Z3","Z4","Z4","Z4","Z4","Z4","In",669,"135","Z3_Z8_Z4_Z9_Z9_Z9_Z8_Z10_Z7_Z5_Z8_Z8_Z8_Z8_Z11_Z7_Z7_Z2_Z13_",20
"F","1","FT","FT","Z4","Z4","Z4","Z4","Z4","Z3","In",670,"135","Z3_Z8_Z4_Z9_Z9_Z9_Z8_Z10_Z7_Z5_Z8_Z8_Z8_Z8_Z11_Z7_Z7_Z2_Z13_",20
"N","0","BT","FT","Z4","Z4","Z4","Z3","Z3","Z5","In",671,"135","Z3_Z8_Z4_Z9_Z9_Z9_Z8_Z10_Z7_Z5_Z8_Z8_Z8_Z8_Z11_Z7_Z7_Z2_Z13_",20
"F","1","BS","BT","Z4","Z4","Z3","Z5","Z5","Z2","In",672,"135","Z3_Z8_Z4_Z9_Z9_Z9_Z8_Z10_Z7_Z5_Z8_Z8_Z8_Z8_Z11_Z7_Z7_Z2_Z13_",20
"N","0","FT","BS","Z4","Z3","Z5","Z2","Z2","Z5","In",673,"135","Z3_Z8_Z4_Z9_Z9_Z9_Z8_Z10_Z7_Z5_Z8_Z8_Z8_Z8_Z11_Z7_Z7_Z2_Z13_",20
"F","1","BT","FT","Z3","Z5","Z2","Z5","Z4","Z3","In",674,"135","Z3_Z8_Z4_Z9_Z9_Z9_Z8_Z10_Z7_Z5_Z8_Z8_Z8_Z8_Z11_Z7_Z7_Z2_Z13_",20
"N","0","FT","BT","Z5","Z2","Z5","Z3","Z3","Z3","In",675,"135","Z3_Z8_Z4_Z9_Z9_Z9_Z8_Z10_Z7_Z5_Z8_Z8_Z8_Z8_Z11_Z7_Z7_Z2_Z13_",20
"F","1","FT","FT","Z2","Z5","Z3","Z3","Z3","Z3","In",676,"135","Z3_Z8_Z4_Z9_Z9_Z9_Z8_Z10_Z7_Z5_Z8_Z8_Z8_Z8_Z11_Z7_Z7_Z2_Z13_",20
"N","0","BT","FT","Z5","Z3","Z3","Z3","Z4","Z3","In",677,"135","Z3_Z8_Z4_Z9_Z9_Z9_Z8_Z10_Z7_Z5_Z8_Z8_Z8_Z8_Z11_Z7_Z7_Z2_Z13_",20
"F","1","BT","BT","Z3","Z3","Z3","Z3","Z3","Z2","In",678,"135","Z3_Z8_Z4_Z9_Z9_Z9_Z8_Z10_Z7_Z5_Z8_Z8_Z8_Z8_Z11_Z7_Z7_Z2_Z13_",20
"N","0","BT","BT","Z3","Z3","Z3","Z2","Z2","Z2","In",679,"135","Z3_Z8_Z4_Z9_Z9_Z9_Z8_Z10_Z7_Z5_Z8_Z8_Z8_Z8_Z11_Z7_Z7_Z2_Z13_",20
"F","1","FT","BT","Z3","Z3","Z2","Z2","Z2","Z2","In",680,"135","Z3_Z8_Z4_Z9_Z9_Z9_Z8_Z10_Z7_Z5_Z8_Z8_Z8_Z8_Z11_Z7_Z7_Z2_Z13_",20
"N","0","BT","FT","Z3","Z2","Z2","Z2","Z2","Z2","In",681,"135","Z3_Z8_Z4_Z9_Z9_Z9_Z8_Z10_Z7_Z5_Z8_Z8_Z8_Z8_Z11_Z7_Z7_Z2_Z13_",20
"F","1","FT","BT","Z2","Z2","Z2","Z2","Z2","Z4","In",682,"135","Z3_Z8_Z4_Z9_Z9_Z9_Z8_Z10_Z7_Z5_Z8_Z8_Z8_Z8_Z11_Z7_Z7_Z2_Z13_",20
"N","0","FT",NA,NA,NA,NA,"Z4","Z4","Z3","In",685,"136","Z4_Z3_Z7",3
"F","1","FT","FT",NA,NA,"Z4","Z3","Z4","Z2","In",686,"136","Z4_Z3_Z7",3
"N","0","BS",NA,NA,NA,NA,"Z4","Z4","Z3","In",688,"137","Z4_Z12_Z9_Z5_Z4_Z7_",7
"F","1","BT","BS",NA,NA,"Z4","Z3","Z4","Z4","In",689,"137","Z4_Z12_Z9_Z5_Z4_Z7_",7
"N","0","FT","BT",NA,"Z4","Z3","Z4","Z4","Z5","In",690,"137","Z4_Z12_Z9_Z5_Z4_Z7_",7
"F","1","BT","FT","Z4","Z3","Z4","Z5","Z5","Z4","In",691,"137","Z4_Z12_Z9_Z5_Z4_Z7_",7
"N","0","FT","BT","Z3","Z4","Z5","Z4","Z4","Z2","In",692,"137","Z4_Z12_Z9_Z5_Z4_Z7_",7
"N","0","BL","FV",NA,"Z1","AT_NET","Z3","Z3","Z6","In",697,"138","Z1_Z16_Z8_Z20_Z6",5
"F","1","BO","BL","Z1","AT_NET","Z3","Z6","Z6","Z6","In",698,"138","Z1_Z16_Z8_Z20_Z6",5
"F","0","FT",NA,NA,NA,NA,"Z2","Z2","Z3","In",700,"139","Z2_Z8_Z10_Z8_",5
"N","1","FT","FT",NA,NA,"Z2","Z3","Z2","Z5","In",701,"139","Z2_Z8_Z10_Z8_",5
"F","0","BS","FT",NA,"Z2","Z3","Z5","Z5","Z3","In",702,"139","Z2_Z8_Z10_Z8_",5
"F","0","FT",NA,NA,NA,NA,"Z5","Z5","Z2","In",705,"140","Z5_Z7_Z7_Z1_",5
"N","1","BT","FT",NA,NA,"Z5","Z2","Z3","Z2","In",706,"140","Z5_Z7_Z7_Z1_",5
"F","0","FT","BT",NA,"Z5","Z2","Z2","Z2","Z1","In",707,"140","Z5_Z7_Z7_Z1_",5
"F","0","FT",NA,NA,NA,NA,"Z2","Z2","Z3","Long",714,"143","Z2_Z12",2
"F","0","FT",NA,NA,NA,NA,"Z5","Z5","Z3","In",716,"144","Z5_Z12_Z11_Z13",4
"N","1","FT","FT",NA,NA,"Z5","Z3","Z3","Z2","In",717,"144","Z5_Z12_Z11_Z13",4
"F","0","FT","FT",NA,"Z5","Z3","Z2","Z3","Z4","Long",718,"144","Z5_Z12_Z11_Z13",4
"N","0","BL",NA,NA,NA,NA,"Z4","Z4","Z5","Long",722,"146","Z4_Z14",2
"N","0","FT",NA,NA,NA,NA,"Z3","Z3","Z3","In",724,"147","Z3_Z8_Z2_Z5_Z12_Z7_Z2_Z10_Z15",9
"F","1","FT","FT",NA,NA,"Z3","Z3","Z3","Z2","In",725,"147","Z3_Z8_Z2_Z5_Z12_Z7_Z2_Z10_Z15",9
"N","0","BT","FT",NA,"Z3","Z3","Z2","Z2","Z5","In",726,"147","Z3_Z8_Z2_Z5_Z12_Z7_Z2_Z10_Z15",9
"F","1","BS","BT","Z3","Z3","Z2","Z5","Z4","Z3","In",727,"147","Z3_Z8_Z2_Z5_Z12_Z7_Z2_Z10_Z15",9
"N","0","BT","BS","Z3","Z2","Z5","Z3","Z3","Z2","In",728,"147","Z3_Z8_Z2_Z5_Z12_Z7_Z2_Z10_Z15",9
"F","1","FT","BT","Z2","Z5","Z3","Z2","Z2","Z2","In",729,"147","Z3_Z8_Z2_Z5_Z12_Z7_Z2_Z10_Z15",9
"N","0","BS","FT","Z5","Z3","Z2","Z2","Z2","Z5","In",730,"147","Z3_Z8_Z2_Z5_Z12_Z7_Z2_Z10_Z15",9
"F","1","BT","BS","Z3","Z2","Z2","Z5","Z4","Z1","In",731,"147","Z3_Z8_Z2_Z5_Z12_Z7_Z2_Z10_Z15",9
"N","0","FT",NA,NA,NA,NA,"Z5","Z5","Z5","In",733,"148","Z5_Z10_Z8_Z8_Z10_",6
"F","1","BS","FT",NA,NA,"Z5","Z5","Z5","Z3","In",734,"148","Z5_Z10_Z8_Z8_Z10_",6
"N","0","BT","BS",NA,"Z5","Z5","Z3","Z3","Z3","In",735,"148","Z5_Z10_Z8_Z8_Z10_",6
"F","1","FT","BT","Z5","Z5","Z3","Z3","Z3","Z5","In",736,"148","Z5_Z10_Z8_Z8_Z10_",6
"F","0","BT",NA,NA,NA,NA,"Z5","Z5","Z2","In",739,"149","Z5_Z7_Z8_Z7",4
"N","1","BT","BT",NA,NA,"Z5","Z2","Z3","Z3","In",740,"149","Z5_Z7_Z8_Z7",4
"F","0","FT","BT",NA,"Z5","Z2","Z3","Z3","Z2","Wide",741,"149","Z5_Z7_Z8_Z7",4
"F","0","BT",NA,NA,NA,NA,"Z3","Z3","Z2","In",743,"150","Z3_Z7_Z6_Z10_Z11",5
"N","1","BT","BT",NA,NA,"Z3","Z2","Z2","Z6","In",744,"150","Z3_Z7_Z6_Z10_Z11",5
"F","0","BT","BT",NA,"Z3","Z2","Z6","Z5","Z5","In",745,"150","Z3_Z7_Z6_Z10_Z11",5
"N","1","FT","BT","Z3","Z2","Z6","Z5","Z5","Z2","Long",746,"150","Z3_Z7_Z6_Z10_Z11",5
"F","0","BT",NA,NA,NA,NA,"Z5","Z5","Z5","In",748,"151","Z5_Z10_Z7",3
"N","1","FT","BT",NA,NA,"Z5","Z5","Z5","Z2","In",749,"151","Z5_Z10_Z7",3
"F","0","BT",NA,NA,NA,NA,"Z5","Z5","Z5","In",753,"153","Z5_Z5_Z7_",4
"N","1","FT","BT",NA,NA,"Z5","Z5","Z5","Z2","In",754,"153","Z5_Z5_Z7_",4
"N","0","FT",NA,NA,NA,NA,"Z3","Z3","Z4","In",763,"156","Z3_Z13_Z12_Z10_",5
"F","1","BS","FT",NA,NA,"Z3","Z4","Z4","Z3","In",764,"156","Z3_Z13_Z12_Z10_",5
"N","0","FT","BS",NA,"Z3","Z4","Z3","Z3","Z5","In",765,"156","Z3_Z13_Z12_Z10_",5
"N","0","FT",NA,NA,NA,NA,"Z5","Z5","Z5","In",768,"157","Z5_Z5_Z7_Z18_Z7_Z17_Z2_Z20",8
"F","1","BT","FT",NA,NA,"Z5","Z5","Z5","Z2","In",769,"157","Z5_Z5_Z7_Z18_Z7_Z17_Z2_Z20",8
"N","0","BL","BT",NA,"Z5","Z5","Z2","Z2","Z1","In",770,"157","Z5_Z5_Z7_Z18_Z7_Z17_Z2_Z20",8
"F","1","FO","BL","Z5","Z5","Z2","Z1","Z5","Z2","In",771,"157","Z5_Z5_Z7_Z18_Z7_Z17_Z2_Z20",8
"N","0","BT","FO","Z5","Z2","Z1","Z2","Z3","Z6","In",772,"157","Z5_Z5_Z7_Z18_Z7_Z17_Z2_Z20",8
"F","1","BV","BT","Z2","Z1","Z2","Z6","AT_NET","Z2","In",773,"157","Z5_Z5_Z7_Z18_Z7_Z17_Z2_Z20",8
"N","0","BS","BV","Z1","Z2","Z6","Z2","Z2","Z6","Long",774,"157","Z5_Z5_Z7_Z18_Z7_Z17_Z2_Z20",8
"N","0","BT",NA,NA,NA,NA,"Z2","Z2","Z4","In",776,"158","Z2_Z13_Z9_Z10_Z8_Z11",6
"F","1","FT","BT",NA,NA,"Z2","Z4","Z4","Z4","In",777,"158","Z2_Z13_Z9_Z10_Z8_Z11",6
"N","0","FT","FT",NA,"Z2","Z4","Z4","Z4","Z5","In",778,"158","Z2_Z13_Z9_Z10_Z8_Z11",6
"F","1","BS","FT","Z2","Z4","Z4","Z5","Z5","Z3","In",779,"158","Z2_Z13_Z9_Z10_Z8_Z11",6
"N","0","FT","BS","Z4","Z4","Z5","Z3","Z3","Z2","In",780,"158","Z2_Z13_Z9_Z10_Z8_Z11",6
"N","0","BS",NA,NA,NA,NA,"Z4","Z4","Z5","In",782,"159","Z4_Z10_Z7",3
"F","1","FT","BS",NA,NA,"Z4","Z5","Z5","Z2","In",783,"159","Z4_Z10_Z7",3
"F","0","FT",NA,NA,NA,NA,"Z2","Z3","Z2","In",785,"160","Z2_Z7_Z7_Z13_Z5_Z10_Z2_Z7_Z6",9
"N","1","BT","FT",NA,NA,"Z2","Z2","Z3","Z2","In",786,"160","Z2_Z7_Z7_Z13_Z5_Z10_Z2_Z7_Z6",9
"F","0","FT","BT",NA,"Z2","Z2","Z2","Z2","Z4","In",787,"160","Z2_Z7_Z7_Z13_Z5_Z10_Z2_Z7_Z6",9
"N","1","FT","FT","Z2","Z2","Z2","Z4","Z4","Z5","In",788,"160","Z2_Z7_Z7_Z13_Z5_Z10_Z2_Z7_Z6",9
"F","0","BT","FT","Z2","Z2","Z4","Z5","Z5","Z5","In",789,"160","Z2_Z7_Z7_Z13_Z5_Z10_Z2_Z7_Z6",9
"N","1","FT","BT","Z2","Z4","Z5","Z5","Z5","Z2","In",790,"160","Z2_Z7_Z7_Z13_Z5_Z10_Z2_Z7_Z6",9
"F","0","FT","FT","Z4","Z5","Z5","Z2","Z3","Z2","In",791,"160","Z2_Z7_Z7_Z13_Z5_Z10_Z2_Z7_Z6",9
"N","1","BT","FT","Z5","Z5","Z2","Z2","Z2","Z6","Wide",792,"160","Z2_Z7_Z7_Z13_Z5_Z10_Z2_Z7_Z6",9
"F","0","BT",NA,NA,NA,NA,"Z5","Z5","Z4","In",794,"161","Z5_Z9_Z12",3
"N","1","FT","BT",NA,NA,"Z5","Z4","Z4","Z3","Long",795,"161","Z5_Z9_Z12",3
"F","0","FT",NA,NA,NA,NA,"Z2","Z2","Z3","In",797,"162","Z2_Z3_Z8_Z9_Z10_Z12_Z6",7
"N","1","BT","FT",NA,NA,"Z2","Z3","Z3","Z3","In",798,"162","Z2_Z3_Z8_Z9_Z10_Z12_Z6",7
"F","0","FT","BT",NA,"Z2","Z3","Z3","Z3","Z4","In",799,"162","Z2_Z3_Z8_Z9_Z10_Z12_Z6",7
"N","1","FT","FT","Z2","Z3","Z3","Z4","Z3","Z5","In",800,"162","Z2_Z3_Z8_Z9_Z10_Z12_Z6",7
"F","0","BT","FT","Z3","Z3","Z4","Z5","Z4","Z3","In",801,"162","Z2_Z3_Z8_Z9_Z10_Z12_Z6",7
"N","1","BT","BT","Z3","Z4","Z5","Z3","Z3","Z6","In",802,"162","Z2_Z3_Z8_Z9_Z10_Z12_Z6",7
"F","0","FT",NA,NA,NA,NA,"Z4","Z4","Z3","In",804,"163","Z4_Z3_Z7_Z9_Z13_Z10_Z5_Z10",8
"N","1","FT","FT",NA,NA,"Z4","Z3","Z3","Z2","In",805,"163","Z4_Z3_Z7_Z9_Z13_Z10_Z5_Z10",8
"F","0","FT","FT",NA,"Z4","Z3","Z2","Z3","Z4","In",806,"163","Z4_Z3_Z7_Z9_Z13_Z10_Z5_Z10",8
"N","1","FT","FT","Z4","Z3","Z2","Z4","Z4","Z4","In",807,"163","Z4_Z3_Z7_Z9_Z13_Z10_Z5_Z10",8
"F","0","BT","FT","Z3","Z2","Z4","Z4","Z4","Z5","In",808,"163","Z4_Z3_Z7_Z9_Z13_Z10_Z5_Z10",8
"N","1","FT","BT","Z2","Z4","Z4","Z5","Z5","Z5","In",809,"163","Z4_Z3_Z7_Z9_Z13_Z10_Z5_Z10",8
"F","0","FT","FT","Z4","Z4","Z5","Z5","Z5","Z5","In",810,"163","Z4_Z3_Z7_Z9_Z13_Z10_Z5_Z10",8
"F","0","BT",NA,NA,NA,NA,"Z3","Z3","Z2","In",812,"164","Z3_Z7_Z2",3
"N","1","BT","BT",NA,NA,"Z3","Z2","Z3","Z2","In",813,"164","Z3_Z7_Z2",3
"F","0","BT",NA,NA,NA,NA,"Z5","Z5","Z4","In",815,"165","Z5_Z13_Z12",3
"N","1","FT","BT",NA,NA,"Z5","Z4","Z3","Z3","Long",816,"165","Z5_Z13_Z12",3
"N","0","BT",NA,NA,NA,NA,"Z2","Z2","Z3","In",818,"166","Z2_Z8_Z11_Z10_Z2_Z9_Z7_Z7_Z10_Z9_Z7_Z10",12
"F","1","FT","BT",NA,NA,"Z2","Z3","Z3","Z2","In",819,"166","Z2_Z8_Z11_Z10_Z2_Z9_Z7_Z7_Z10_Z9_Z7_Z10",12
"N","0","BT","FT",NA,"Z2","Z3","Z2","Z2","Z5","In",820,"166","Z2_Z8_Z11_Z10_Z2_Z9_Z7_Z7_Z10_Z9_Z7_Z10",12
"F","1","BT","BT","Z2","Z3","Z2","Z5","Z3","Z2","In",821,"166","Z2_Z8_Z11_Z10_Z2_Z9_Z7_Z7_Z10_Z9_Z7_Z10",12
"N","0","BS","BT","Z3","Z2","Z5","Z2","Z3","Z4","In",822,"166","Z2_Z8_Z11_Z10_Z2_Z9_Z7_Z7_Z10_Z9_Z7_Z10",12
"F","1","FT","BS","Z2","Z5","Z2","Z4","Z5","Z2","In",823,"166","Z2_Z8_Z11_Z10_Z2_Z9_Z7_Z7_Z10_Z9_Z7_Z10",12
"N","0","BT","FT","Z5","Z2","Z4","Z2","Z2","Z2","In",824,"166","Z2_Z8_Z11_Z10_Z2_Z9_Z7_Z7_Z10_Z9_Z7_Z10",12
"F","1","FT","BT","Z2","Z4","Z2","Z2","Z3","Z5","In",825,"166","Z2_Z8_Z11_Z10_Z2_Z9_Z7_Z7_Z10_Z9_Z7_Z10",12
"N","0","FT","FT","Z4","Z2","Z2","Z5","Z4","Z4","In",826,"166","Z2_Z8_Z11_Z10_Z2_Z9_Z7_Z7_Z10_Z9_Z7_Z10",12
"F","1","BT","FT","Z2","Z2","Z5","Z4","Z4","Z2","In",827,"166","Z2_Z8_Z11_Z10_Z2_Z9_Z7_Z7_Z10_Z9_Z7_Z10",12
"N","0","BT","BT","Z2","Z5","Z4","Z2","Z3","Z5","Wide",828,"166","Z2_Z8_Z11_Z10_Z2_Z9_Z7_Z7_Z10_Z9_Z7_Z10",12
"N","0","BT",NA,NA,NA,NA,"Z4","Z4","Z4","In",830,"167","Z4_Z4_Z9_Z10_Z13_Z12_Z7",7
"F","1","FT","BT",NA,NA,"Z4","Z4","Z4","Z4","In",831,"167","Z4_Z4_Z9_Z10_Z13_Z12_Z7",7
"N","0","FT","FT",NA,"Z4","Z4","Z4","Z4","Z5","In",832,"167","Z4_Z4_Z9_Z10_Z13_Z12_Z7",7
"F","1","BT","FT","Z4","Z4","Z4","Z5","Z5","Z4","In",833,"167","Z4_Z4_Z9_Z10_Z13_Z12_Z7",7
"N","0","FT","BT","Z4","Z4","Z5","Z4","Z3","Z3","In",834,"167","Z4_Z4_Z9_Z10_Z13_Z12_Z7",7
"F","1","FT","FT","Z4","Z5","Z4","Z3","Z3","Z2","In",835,"167","Z4_Z4_Z9_Z10_Z13_Z12_Z7",7
"N","0","FT",NA,NA,NA,NA,"Z3","Z3","Z4","Long",837,"168","Z3_Z13",2
"F","0","BT",NA,NA,NA,NA,"Z3","Z3","Z3","Long",839,"169","Z3_Z12",2
"F","0","BT",NA,NA,NA,NA,"Z5","Z5","Z4","In",841,"170","Z5_Z13_Z8_Z14",4
"N","1","FT","BT",NA,NA,"Z5","Z4","Z4","Z3","In",842,"170","Z5_Z13_Z8_Z14",4
"F","0","FT","FT",NA,"Z5","Z4","Z3","Z4","Z5","Wide",843,"170","Z5_Z13_Z8_Z14",4
"F","0","BT",NA,NA,NA,NA,"Z3","Z3","Z3","In",845,"171","Z3_Z8_Z11",3
"N","1","FT","BT",NA,NA,"Z3","Z3","Z3","Z2","In",846,"171","Z3_Z8_Z11",3
"N","0","FT",NA,NA,NA,NA,"Z3","Z3","Z6","Wide",848,"172","Z3_Z6",2
"N","0","FT",NA,NA,NA,NA,"Z5","Z5","Z3","In",850,"173","Z5_Z12_Z8_Z10",4
"F","1","FT","FT",NA,NA,"Z5","Z3","Z4","Z3","In",851,"173","Z5_Z12_Z8_Z10",4
"N","0","BT","FT",NA,"Z5","Z3","Z3","Z3","Z5","In",852,"173","Z5_Z12_Z8_Z10",4
"N","0","FT",NA,NA,NA,NA,"Z3","Z2","Z3","In",854,"174","Z3_Z8_Z7_Z5_Z8_Z8_Z3_Z9_Z8_Z3_Z8_Z13_Z8_Z5_Z8_Z8_Z10_Z5_Z10_Z9_Z5_Z9_Z8_Z7_Z9_Z10_",27
"F","1","FT","FT",NA,NA,"Z3","Z3","Z4","Z2","In",855,"174","Z3_Z8_Z7_Z5_Z8_Z8_Z3_Z9_Z8_Z3_Z8_Z13_Z8_Z5_Z8_Z8_Z10_Z5_Z10_Z9_Z5_Z9_Z8_Z7_Z9_Z10_",27
"N","0","BT","FT",NA,"Z3","Z3","Z2","Z2","Z5","In",856,"174","Z3_Z8_Z7_Z5_Z8_Z8_Z3_Z9_Z8_Z3_Z8_Z13_Z8_Z5_Z8_Z8_Z10_Z5_Z10_Z9_Z5_Z9_Z8_Z7_Z9_Z10_",27
"F","1","FT","BT","Z3","Z3","Z2","Z5","Z4","Z3","In",857,"174","Z3_Z8_Z7_Z5_Z8_Z8_Z3_Z9_Z8_Z3_Z8_Z13_Z8_Z5_Z8_Z8_Z10_Z5_Z10_Z9_Z5_Z9_Z8_Z7_Z9_Z10_",27
"N","0","BT","FT","Z3","Z2","Z5","Z3","Z3","Z3","In",858,"174","Z3_Z8_Z7_Z5_Z8_Z8_Z3_Z9_Z8_Z3_Z8_Z13_Z8_Z5_Z8_Z8_Z10_Z5_Z10_Z9_Z5_Z9_Z8_Z7_Z9_Z10_",27
"F","1","FT","BT","Z2","Z5","Z3","Z3","Z3","Z3","In",859,"174","Z3_Z8_Z7_Z5_Z8_Z8_Z3_Z9_Z8_Z3_Z8_Z13_Z8_Z5_Z8_Z8_Z10_Z5_Z10_Z9_Z5_Z9_Z8_Z7_Z9_Z10_",27
"N","0","BS","FT","Z5","Z3","Z3","Z3","Z3","Z4","In",860,"174","Z3_Z8_Z7_Z5_Z8_Z8_Z3_Z9_Z8_Z3_Z8_Z13_Z8_Z5_Z8_Z8_Z10_Z5_Z10_Z9_Z5_Z9_Z8_Z7_Z9_Z10_",27
"F","1","FT","BS","Z3","Z3","Z3","Z4","Z5","Z3","In",861,"174","Z3_Z8_Z7_Z5_Z8_Z8_Z3_Z9_Z8_Z3_Z8_Z13_Z8_Z5_Z8_Z8_Z10_Z5_Z10_Z9_Z5_Z9_Z8_Z7_Z9_Z10_",27
"N","0","BT","FT","Z3","Z3","Z4","Z3","Z3","Z3","In",862,"174","Z3_Z8_Z7_Z5_Z8_Z8_Z3_Z9_Z8_Z3_Z8_Z13_Z8_Z5_Z8_Z8_Z10_Z5_Z10_Z9_Z5_Z9_Z8_Z7_Z9_Z10_",27
"F","1","FT","BT","Z3","Z4","Z3","Z3","Z3","Z3","In",863,"174","Z3_Z8_Z7_Z5_Z8_Z8_Z3_Z9_Z8_Z3_Z8_Z13_Z8_Z5_Z8_Z8_Z10_Z5_Z10_Z9_Z5_Z9_Z8_Z7_Z9_Z10_",27
"N","0","BT","FT","Z4","Z3","Z3","Z3","Z3","Z4","In",864,"174","Z3_Z8_Z7_Z5_Z8_Z8_Z3_Z9_Z8_Z3_Z8_Z13_Z8_Z5_Z8_Z8_Z10_Z5_Z10_Z9_Z5_Z9_Z8_Z7_Z9_Z10_",27
"F","1","BT","BT","Z3","Z3","Z3","Z4","Z4","Z3","In",865,"174","Z3_Z8_Z7_Z5_Z8_Z8_Z3_Z9_Z8_Z3_Z8_Z13_Z8_Z5_Z8_Z8_Z10_Z5_Z10_Z9_Z5_Z9_Z8_Z7_Z9_Z10_",27
"N","0","FT","BT","Z3","Z3","Z4","Z3","Z3","Z5","In",866,"174","Z3_Z8_Z7_Z5_Z8_Z8_Z3_Z9_Z8_Z3_Z8_Z13_Z8_Z5_Z8_Z8_Z10_Z5_Z10_Z9_Z5_Z9_Z8_Z7_Z9_Z10_",27
"F","1","BT","FT","Z3","Z4","Z3","Z5","Z5","Z3","In",867,"174","Z3_Z8_Z7_Z5_Z8_Z8_Z3_Z9_Z8_Z3_Z8_Z13_Z8_Z5_Z8_Z8_Z10_Z5_Z10_Z9_Z5_Z9_Z8_Z7_Z9_Z10_",27
"N","0","BT","BT","Z4","Z3","Z5","Z3","Z3","Z3","In",868,"174","Z3_Z8_Z7_Z5_Z8_Z8_Z3_Z9_Z8_Z3_Z8_Z13_Z8_Z5_Z8_Z8_Z10_Z5_Z10_Z9_Z5_Z9_Z8_Z7_Z9_Z10_",27
"F","1","FT","BT","Z3","Z5","Z3","Z3","Z3","Z5","In",869,"174","Z3_Z8_Z7_Z5_Z8_Z8_Z3_Z9_Z8_Z3_Z8_Z13_Z8_Z5_Z8_Z8_Z10_Z5_Z10_Z9_Z5_Z9_Z8_Z7_Z9_Z10_",27
"N","0","FT","FT","Z5","Z3","Z3","Z5","Z4","Z5","In",870,"174","Z3_Z8_Z7_Z5_Z8_Z8_Z3_Z9_Z8_Z3_Z8_Z13_Z8_Z5_Z8_Z8_Z10_Z5_Z10_Z9_Z5_Z9_Z8_Z7_Z9_Z10_",27
"F","1","BT","FT","Z3","Z3","Z5","Z5","Z5","Z5","In",871,"174","Z3_Z8_Z7_Z5_Z8_Z8_Z3_Z9_Z8_Z3_Z8_Z13_Z8_Z5_Z8_Z8_Z10_Z5_Z10_Z9_Z5_Z9_Z8_Z7_Z9_Z10_",27
"N","0","FL","BT","Z3","Z5","Z5","Z5","Z5","Z4","In",872,"174","Z3_Z8_Z7_Z5_Z8_Z8_Z3_Z9_Z8_Z3_Z8_Z13_Z8_Z5_Z8_Z8_Z10_Z5_Z10_Z9_Z5_Z9_Z8_Z7_Z9_Z10_",27
"F","1","FT","FL","Z5","Z5","Z5","Z4","Z4","Z5","In",873,"174","Z3_Z8_Z7_Z5_Z8_Z8_Z3_Z9_Z8_Z3_Z8_Z13_Z8_Z5_Z8_Z8_Z10_Z5_Z10_Z9_Z5_Z9_Z8_Z7_Z9_Z10_",27
"N","0","FT","FT","Z5","Z5","Z4","Z5","Z4","Z4","In",874,"174","Z3_Z8_Z7_Z5_Z8_Z8_Z3_Z9_Z8_Z3_Z8_Z13_Z8_Z5_Z8_Z8_Z10_Z5_Z10_Z9_Z5_Z9_Z8_Z7_Z9_Z10_",27
"F","1","BT","FT","Z5","Z4","Z5","Z4","Z4","Z3","In",875,"174","Z3_Z8_Z7_Z5_Z8_Z8_Z3_Z9_Z8_Z3_Z8_Z13_Z8_Z5_Z8_Z8_Z10_Z5_Z10_Z9_Z5_Z9_Z8_Z7_Z9_Z10_",27
"N","0","BT","BT","Z4","Z5","Z4","Z3","Z3","Z2","In",876,"174","Z3_Z8_Z7_Z5_Z8_Z8_Z3_Z9_Z8_Z3_Z8_Z13_Z8_Z5_Z8_Z8_Z10_Z5_Z10_Z9_Z5_Z9_Z8_Z7_Z9_Z10_",27
"F","1","FT","BT","Z5","Z4","Z3","Z2","Z2","Z4","In",877,"174","Z3_Z8_Z7_Z5_Z8_Z8_Z3_Z9_Z8_Z3_Z8_Z13_Z8_Z5_Z8_Z8_Z10_Z5_Z10_Z9_Z5_Z9_Z8_Z7_Z9_Z10_",27
"N","0","FT","FT","Z4","Z3","Z2","Z4","Z3","Z5","In",878,"174","Z3_Z8_Z7_Z5_Z8_Z8_Z3_Z9_Z8_Z3_Z8_Z13_Z8_Z5_Z8_Z8_Z10_Z5_Z10_Z9_Z5_Z9_Z8_Z7_Z9_Z10_",27
"N","0","FT",NA,NA,NA,NA,"Z4","Z4","Z4","In",881,"175","Z4_Z9_Z7_",4
"F","1","FT","FT",NA,NA,"Z4","Z4","Z5","Z2","In",882,"175","Z4_Z9_Z7_",4
"N","0","FT",NA,NA,NA,NA,"Z3","Z3","Z3","Long",885,"176","Z3_Z12",2
"F","0","BT",NA,NA,NA,NA,"Z3","Z3","Z4","In",889,"178","Z3_Z9_",3
"F","0","FT",NA,NA,NA,NA,"Z4","Z4","Z5","In",894,"180","Z4_Z14_Z13_Z9_Z10_Z5_Z5_Z14",8
"N","1","FT","FT",NA,NA,"Z4","Z5","Z5","Z4","In",895,"180","Z4_Z14_Z13_Z9_Z10_Z5_Z5_Z14",8
"F","0","FT","FT",NA,"Z4","Z5","Z4","Z5","Z4","In",896,"180","Z4_Z14_Z13_Z9_Z10_Z5_Z5_Z14",8
"N","1","FT","FT","Z4","Z5","Z4","Z4","Z4","Z5","In",897,"180","Z4_Z14_Z13_Z9_Z10_Z5_Z5_Z14",8
"F","0","FT","FT","Z5","Z4","Z4","Z5","Z2","Z5","In",898,"180","Z4_Z14_Z13_Z9_Z10_Z5_Z5_Z14",8
"N","1","FS","FT","Z4","Z4","Z5","Z5","Z4","Z5","In",899,"180","Z4_Z14_Z13_Z9_Z10_Z5_Z5_Z14",8
"F","0","BS","FS","Z4","Z5","Z5","Z5","Z5","Z5","In",900,"180","Z4_Z14_Z13_Z9_Z10_Z5_Z5_Z14",8
"F","0","FT",NA,NA,NA,NA,"Z2","Z2","Z2","Wide",902,"181","Z2_Z7",2
"F","0","BT",NA,NA,NA,NA,"Z5","Z5","Z4","Long",904,"182","Z5_Z13",2
"N","0","BT",NA,NA,NA,NA,"Z2","Z2","Z4","In",906,"183","Z2_Z9_Z7_Z9_Z4_Z8_Z7_Z10",8
"F","1","FT","BT",NA,NA,"Z2","Z4","Z4","Z2","In",907,"183","Z2_Z9_Z7_Z9_Z4_Z8_Z7_Z10",8
"N","0","BT","FT",NA,"Z2","Z4","Z2","Z2","Z4","In",908,"183","Z2_Z9_Z7_Z9_Z4_Z8_Z7_Z10",8
"F","1","FT","BT","Z2","Z4","Z2","Z4","Z4","Z4","In",909,"183","Z2_Z9_Z7_Z9_Z4_Z8_Z7_Z10",8
"N","0","FT","FT","Z4","Z2","Z4","Z4","Z4","Z3","In",910,"183","Z2_Z9_Z7_Z9_Z4_Z8_Z7_Z10",8
"F","1","FT","FT","Z2","Z4","Z4","Z3","Z4","Z2","In",911,"183","Z2_Z9_Z7_Z9_Z4_Z8_Z7_Z10",8
"N","0","BT","FT","Z4","Z4","Z3","Z2","Z3","Z5","Wide",912,"183","Z2_Z9_Z7_Z9_Z4_Z8_Z7_Z10",8
"N","0","BT",NA,NA,NA,NA,"Z1","Z2","Z4","In",919,"185","Z1_Z4_Z10_Z10_",5
"F","1","FT","BT",NA,NA,"Z1","Z4","Z3","Z5","In",920,"185","Z1_Z4_Z10_Z10_",5
"N","0","FT","FT",NA,"Z1","Z4","Z5","Z4","Z5","In",921,"185","Z1_Z4_Z10_Z10_",5
"N","0","BT",NA,NA,NA,NA,"Z4","Z4","Z5","Wide",924,"186","Z4_Z10",2
"N","0","BT",NA,NA,NA,NA,"Z1","Z2","Z2","Wide",926,"187","Z1_Z7",2
"F","0","BT",NA,NA,NA,NA,"Z3","Z3","Z2","Wide",928,"188","Z3_Z7",2
"F","0","FT",NA,NA,NA,NA,"Z4","Z4","Z4","In",930,"189","Z4_Z9_Z7_Z10_Z7",5
"N","1","FT","FT",NA,NA,"Z4","Z4","Z4","Z2","In",931,"189","Z4_Z9_Z7_Z10_Z7",5
"F","0","FT","FT",NA,"Z4","Z4","Z2","Z3","Z5","In",932,"189","Z4_Z9_Z7_Z10_Z7",5
"N","1","FT","FT","Z4","Z4","Z2","Z5","Z4","Z2","Wide",933,"189","Z4_Z9_Z7_Z10_Z7",5
"F","0","BT",NA,NA,NA,NA,"Z5","Z5","Z2","In",935,"190","Z5_Z11_Z8_Z2_Z8_",6
"N","1","BT","BT",NA,NA,"Z5","Z2","Z3","Z3","In",936,"190","Z5_Z11_Z8_Z2_Z8_",6
"F","0","FT","BT",NA,"Z5","Z2","Z3","Z3","Z2","In",937,"190","Z5_Z11_Z8_Z2_Z8_",6
"N","1","BS","FT","Z5","Z2","Z3","Z2","Z2","Z3","In",938,"190","Z5_Z11_Z8_Z2_Z8_",6
"F","0","BT",NA,NA,NA,NA,"Z5","Z5","Z3","In",944,"192","Z5_Z8_Z9_Z9_Z10_Z9_Z10_Z10_Z9_Z7_Z8_Z14",12
"N","1","FT","BT",NA,NA,"Z5","Z3","Z3","Z4","In",945,"192","Z5_Z8_Z9_Z9_Z10_Z9_Z10_Z10_Z9_Z7_Z8_Z14",12
"F","0","BT","FT",NA,"Z5","Z3","Z4","Z4","Z4","In",946,"192","Z5_Z8_Z9_Z9_Z10_Z9_Z10_Z10_Z9_Z7_Z8_Z14",12
"N","1","FT","BT","Z5","Z3","Z4","Z4","Z4","Z5","In",947,"192","Z5_Z8_Z9_Z9_Z10_Z9_Z10_Z10_Z9_Z7_Z8_Z14",12
"F","0","BT","FT","Z3","Z4","Z4","Z5","Z5","Z4","In",948,"192","Z5_Z8_Z9_Z9_Z10_Z9_Z10_Z10_Z9_Z7_Z8_Z14",12
"N","1","FT","BT","Z4","Z4","Z5","Z4","Z4","Z5","In",949,"192","Z5_Z8_Z9_Z9_Z10_Z9_Z10_Z10_Z9_Z7_Z8_Z14",12
"F","0","BT","FT","Z4","Z5","Z4","Z5","Z5","Z5","In",950,"192","Z5_Z8_Z9_Z9_Z10_Z9_Z10_Z10_Z9_Z7_Z8_Z14",12
"N","1","FT","BT","Z5","Z4","Z5","Z5","Z5","Z4","In",951,"192","Z5_Z8_Z9_Z9_Z10_Z9_Z10_Z10_Z9_Z7_Z8_Z14",12
"F","0","BT","FT","Z4","Z5","Z5","Z4","Z4","Z2","In",952,"192","Z5_Z8_Z9_Z9_Z10_Z9_Z10_Z10_Z9_Z7_Z8_Z14",12
"N","1","BT","BT","Z5","Z5","Z4","Z2","Z3","Z3","In",953,"192","Z5_Z8_Z9_Z9_Z10_Z9_Z10_Z10_Z9_Z7_Z8_Z14",12
"F","0","FT","BT","Z5","Z4","Z2","Z3","Z3","Z5","In",954,"192","Z5_Z8_Z9_Z9_Z10_Z9_Z10_Z10_Z9_Z7_Z8_Z14",12
"F","0","BT",NA,NA,NA,NA,"Z5","Z5","Z5","In",956,"193","Z5_Z10_Z2_Z11",4
"N","1","FT","BT",NA,NA,"Z5","Z5","Z5","Z2","In",957,"193","Z5_Z10_Z2_Z11",4
"F","0","FT","FT",NA,"Z5","Z5","Z2","Z2","Z2","In",958,"193","Z5_Z10_Z2_Z11",4
"F","0","FT",NA,NA,NA,NA,"Z2","Z2","Z4","In",960,"194","Z2_Z13_",3
"F","0","FL",NA,NA,NA,NA,"Z4","Z4","Z4","Long",963,"195","Z4_Z13",2
"F","0","FT",NA,NA,NA,NA,"Z4","Z4","Z4","In",965,"196","Z4_Z9_Z5_Z7",4
"N","1","FT","FT",NA,NA,"Z4","Z4","Z3","Z5","In",966,"196","Z4_Z9_Z5_Z7",4
"F","0","BT","FT",NA,"Z4","Z4","Z5","Z4","Z2","In",967,"196","Z4_Z9_Z5_Z7",4
"F","0","BT",NA,NA,NA,NA,"Z3","Z3","Z5","In",969,"197","Z3_Z10_",3
"F","0","BT",NA,NA,NA,NA,"Z6","Z5","Z2","Long",972,"198","Z6_Z7",2
"F","0","FT",NA,NA,NA,NA,"Z2","Z2","Z3","In",974,"199","Z2_Z8_Z9_Z8_Z11_Z9_Z10_Z17_Z1",9
"N","1","FT","FT",NA,NA,"Z2","Z3","Z3","Z4","In",975,"199","Z2_Z8_Z9_Z8_Z11_Z9_Z10_Z17_Z1",9
"F","0","FT","FT",NA,"Z2","Z3","Z4","Z4","Z3","In",976,"199","Z2_Z8_Z9_Z8_Z11_Z9_Z10_Z17_Z1",9
"N","1","BT","FT","Z2","Z3","Z4","Z3","Z3","Z2","In",977,"199","Z2_Z8_Z9_Z8_Z11_Z9_Z10_Z17_Z1",9
"F","0","FT","BT","Z3","Z4","Z3","Z2","Z2","Z4","In",978,"199","Z2_Z8_Z9_Z8_Z11_Z9_Z10_Z17_Z1",9
"N","1","FT","FT","Z4","Z3","Z2","Z4","Z3","Z5","In",979,"199","Z2_Z8_Z9_Z8_Z11_Z9_Z10_Z17_Z1",9
"F","0","BS","FT","Z3","Z2","Z4","Z5","Z5","Z6","In",980,"199","Z2_Z8_Z9_Z8_Z11_Z9_Z10_Z17_Z1",9
"N","1","FV","BS","Z2","Z4","Z5","Z6","Z6","Z1","In",981,"199","Z2_Z8_Z9_Z8_Z11_Z9_Z10_Z17_Z1",9
"N","0","BT",NA,NA,NA,NA,"Z4","Z4","Z5","In",983,"200","Z4_Z10_Z9_Z10_Z5_Z10_Z8_Z10_",9
"F","1","BT","BT",NA,NA,"Z4","Z5","Z4","Z4","In",984,"200","Z4_Z10_Z9_Z10_Z5_Z10_Z8_Z10_",9
"N","0","FT","BT",NA,"Z4","Z5","Z4","Z4","Z5","In",985,"200","Z4_Z10_Z9_Z10_Z5_Z10_Z8_Z10_",9
"F","1","BT","FT","Z4","Z5","Z4","Z5","Z5","Z5","In",986,"200","Z4_Z10_Z9_Z10_Z5_Z10_Z8_Z10_",9
"N","0","FT","BT","Z5","Z4","Z5","Z5","Z5","Z5","In",987,"200","Z4_Z10_Z9_Z10_Z5_Z10_Z8_Z10_",9
"F","1","BT","FT","Z4","Z5","Z5","Z5","Z5","Z3","In",988,"200","Z4_Z10_Z9_Z10_Z5_Z10_Z8_Z10_",9
"N","0","BT","BT","Z5","Z5","Z5","Z3","Z3","Z5","In",989,"200","Z4_Z10_Z9_Z10_Z5_Z10_Z8_Z10_",9
"N","0","BT",NA,NA,NA,NA,"Z2","Z2","Z3","In",992,"201","Z2_Z8_Z7_Z8_Z7_Z6",6
"F","1","FT","BT",NA,NA,"Z2","Z3","Z3","Z2","In",993,"201","Z2_Z8_Z7_Z8_Z7_Z6",6
"N","0","BT","FT",NA,"Z2","Z3","Z2","Z2","Z3","In",994,"201","Z2_Z8_Z7_Z8_Z7_Z6",6
"F","1","FT","BT","Z2","Z3","Z2","Z3","Z3","Z2","In",995,"201","Z2_Z8_Z7_Z8_Z7_Z6",6
"N","0","BT","FT","Z3","Z2","Z3","Z2","Z2","Z6","Wide",996,"201","Z2_Z8_Z7_Z8_Z7_Z6",6
"N","0","FT",NA,NA,NA,NA,"Z5","Z5","Z3","In",998,"202","Z5_Z8_Z8_Z7_Z12",5
"F","1","FT","FT",NA,NA,"Z5","Z3","Z4","Z3","In",999,"202","Z5_Z8_Z8_Z7_Z12",5
"N","0","BT","FT",NA,"Z5","Z3","Z3","Z3","Z2","In",1000,"202","Z5_Z8_Z8_Z7_Z12",5
"F","1","FT","BT","Z5","Z3","Z3","Z2","Z2","Z3","Long",1001,"202","Z5_Z8_Z8_Z7_Z12",5
"N","0","FT",NA,NA,NA,NA,"Z3","Z3","Z2","In",1003,"203","Z3_Z2_Z7_Z19_Z13",5
"F","1","FT","FT",NA,NA,"Z3","Z2","Z4","Z2","In",1004,"203","Z3_Z2_Z7_Z19_Z13",5
"N","0","FT",NA,NA,NA,NA,"Z5","Z5","Z4","In",1008,"204","Z5_Z9_Z7_Z7_Z7_Z10_Z7_Z7_Z10_Z9_Z7_",12
"F","1","FT","FT",NA,NA,"Z5","Z4","Z5","Z2","In",1009,"204","Z5_Z9_Z7_Z7_Z7_Z10_Z7_Z7_Z10_Z9_Z7_",12
"N","0","BS","FT",NA,"Z5","Z4","Z2","Z2","Z2","In",1010,"204","Z5_Z9_Z7_Z7_Z7_Z10_Z7_Z7_Z10_Z9_Z7_",12
"F","1","FT","BS","Z5","Z4","Z2","Z2","Z2","Z2","In",1011,"204","Z5_Z9_Z7_Z7_Z7_Z10_Z7_Z7_Z10_Z9_Z7_",12
"N","0","BT","FT","Z4","Z2","Z2","Z2","Z2","Z5","In",1012,"204","Z5_Z9_Z7_Z7_Z7_Z10_Z7_Z7_Z10_Z9_Z7_",12
"F","1","BS","BT","Z2","Z2","Z2","Z5","Z5","Z2","In",1013,"204","Z5_Z9_Z7_Z7_Z7_Z10_Z7_Z7_Z10_Z9_Z7_",12
"N","0","BS","BS","Z2","Z2","Z5","Z2","Z3","Z2","In",1014,"204","Z5_Z9_Z7_Z7_Z7_Z10_Z7_Z7_Z10_Z9_Z7_",12
"F","1","FT","BS","Z2","Z5","Z2","Z2","Z2","Z5","In",1015,"204","Z5_Z9_Z7_Z7_Z7_Z10_Z7_Z7_Z10_Z9_Z7_",12
"N","0","FT","FT","Z5","Z2","Z2","Z5","Z4","Z4","In",1016,"204","Z5_Z9_Z7_Z7_Z7_Z10_Z7_Z7_Z10_Z9_Z7_",12
"F","1","BS","FT","Z2","Z2","Z5","Z4","Z4","Z2","In",1017,"204","Z5_Z9_Z7_Z7_Z7_Z10_Z7_Z7_Z10_Z9_Z7_",12
"N","0","FT",NA,NA,NA,NA,"Z3","Z3","Z4","In",1020,"205","Z3_Z4_Z7_Z16_Z11_Z17_Z6",7
"F","1","FT","FT",NA,NA,"Z3","Z4","Z4","Z2","In",1021,"205","Z3_Z4_Z7_Z16_Z11_Z17_Z6",7
"N","0","BT","FV","Z4","Z2","AT_NET","Z2","Z3","Z6","In",1024,"205","Z3_Z4_Z7_Z16_Z11_Z17_Z6",7
"F","1","BV","BT","Z2","AT_NET","Z2","Z6","Z6","Z6","In",1025,"205","Z3_Z4_Z7_Z16_Z11_Z17_Z6",7
"N","0","BT",NA,NA,NA,NA,"Z4","Z4","Z4","In",1027,"206","Z4_Z9_Z10_Z10_Z7_Z7_Z7_Z10_Z8_Z7_Z14_Z9_Z10_Z9_Z2_Z8_Z9_Z5_Z8_Z8_Z7_Z10_Z8_Z7",24
"F","1","FT","BT",NA,NA,"Z4","Z4","Z5","Z5","In",1028,"206","Z4_Z9_Z10_Z10_Z7_Z7_Z7_Z10_Z8_Z7_Z14_Z9_Z10_Z9_Z2_Z8_Z9_Z5_Z8_Z8_Z7_Z10_Z8_Z7",24
"N","0","FT","FT",NA,"Z4","Z4","Z5","Z5","Z5","In",1029,"206","Z4_Z9_Z10_Z10_Z7_Z7_Z7_Z10_Z8_Z7_Z14_Z9_Z10_Z9_Z2_Z8_Z9_Z5_Z8_Z8_Z7_Z10_Z8_Z7",24
"F","1","BT","FT","Z4","Z4","Z5","Z5","Z5","Z2","In",1030,"206","Z4_Z9_Z10_Z10_Z7_Z7_Z7_Z10_Z8_Z7_Z14_Z9_Z10_Z9_Z2_Z8_Z9_Z5_Z8_Z8_Z7_Z10_Z8_Z7",24
"N","0","BT","BT","Z4","Z5","Z5","Z2","Z3","Z2","In",1031,"206","Z4_Z9_Z10_Z10_Z7_Z7_Z7_Z10_Z8_Z7_Z14_Z9_Z10_Z9_Z2_Z8_Z9_Z5_Z8_Z8_Z7_Z10_Z8_Z7",24
"F","1","FT","BT","Z5","Z5","Z2","Z2","Z2","Z2","In",1032,"206","Z4_Z9_Z10_Z10_Z7_Z7_Z7_Z10_Z8_Z7_Z14_Z9_Z10_Z9_Z2_Z8_Z9_Z5_Z8_Z8_Z7_Z10_Z8_Z7",24
"N","0","BT","FT","Z5","Z2","Z2","Z2","Z2","Z5","In",1033,"206","Z4_Z9_Z10_Z10_Z7_Z7_Z7_Z10_Z8_Z7_Z14_Z9_Z10_Z9_Z2_Z8_Z9_Z5_Z8_Z8_Z7_Z10_Z8_Z7",24
"F","1","BT","BT","Z2","Z2","Z2","Z5","Z4","Z3","In",1034,"206","Z4_Z9_Z10_Z10_Z7_Z7_Z7_Z10_Z8_Z7_Z14_Z9_Z10_Z9_Z2_Z8_Z9_Z5_Z8_Z8_Z7_Z10_Z8_Z7",24
"N","0","FT","BT","Z2","Z2","Z5","Z3","Z3","Z2","In",1035,"206","Z4_Z9_Z10_Z10_Z7_Z7_Z7_Z10_Z8_Z7_Z14_Z9_Z10_Z9_Z2_Z8_Z9_Z5_Z8_Z8_Z7_Z10_Z8_Z7",24
"F","1","FT","FT","Z2","Z5","Z3","Z2","Z2","Z5","In",1036,"206","Z4_Z9_Z10_Z10_Z7_Z7_Z7_Z10_Z8_Z7_Z14_Z9_Z10_Z9_Z2_Z8_Z9_Z5_Z8_Z8_Z7_Z10_Z8_Z7",24
"N","0","FT","FT","Z5","Z3","Z2","Z5","Z4","Z4","In",1037,"206","Z4_Z9_Z10_Z10_Z7_Z7_Z7_Z10_Z8_Z7_Z14_Z9_Z10_Z9_Z2_Z8_Z9_Z5_Z8_Z8_Z7_Z10_Z8_Z7",24
"F","1","FT","FT","Z3","Z2","Z5","Z4","Z5","Z5","In",1038,"206","Z4_Z9_Z10_Z10_Z7_Z7_Z7_Z10_Z8_Z7_Z14_Z9_Z10_Z9_Z2_Z8_Z9_Z5_Z8_Z8_Z7_Z10_Z8_Z7",24
"N","0","FT","FT","Z2","Z5","Z4","Z5","Z5","Z4","In",1039,"206","Z4_Z9_Z10_Z10_Z7_Z7_Z7_Z10_Z8_Z7_Z14_Z9_Z10_Z9_Z2_Z8_Z9_Z5_Z8_Z8_Z7_Z10_Z8_Z7",24
"F","1","FT","FT","Z5","Z4","Z5","Z4","Z4","Z2","In",1040,"206","Z4_Z9_Z10_Z10_Z7_Z7_Z7_Z10_Z8_Z7_Z14_Z9_Z10_Z9_Z2_Z8_Z9_Z5_Z8_Z8_Z7_Z10_Z8_Z7",24
"N","0","BT","FT","Z4","Z5","Z4","Z2","Z3","Z3","In",1041,"206","Z4_Z9_Z10_Z10_Z7_Z7_Z7_Z10_Z8_Z7_Z14_Z9_Z10_Z9_Z2_Z8_Z9_Z5_Z8_Z8_Z7_Z10_Z8_Z7",24
"F","1","FT","BT","Z5","Z4","Z2","Z3","Z3","Z4","In",1042,"206","Z4_Z9_Z10_Z10_Z7_Z7_Z7_Z10_Z8_Z7_Z14_Z9_Z10_Z9_Z2_Z8_Z9_Z5_Z8_Z8_Z7_Z10_Z8_Z7",24
"N","0","FT","FT","Z4","Z2","Z3","Z4","Z4","Z5","In",1043,"206","Z4_Z9_Z10_Z10_Z7_Z7_Z7_Z10_Z8_Z7_Z14_Z9_Z10_Z9_Z2_Z8_Z9_Z5_Z8_Z8_Z7_Z10_Z8_Z7",24
"F","1","BT","FT","Z2","Z3","Z4","Z5","Z4","Z3","In",1044,"206","Z4_Z9_Z10_Z10_Z7_Z7_Z7_Z10_Z8_Z7_Z14_Z9_Z10_Z9_Z2_Z8_Z9_Z5_Z8_Z8_Z7_Z10_Z8_Z7",24
"N","0","BT","BT","Z3","Z4","Z5","Z3","Z3","Z3","In",1045,"206","Z4_Z9_Z10_Z10_Z7_Z7_Z7_Z10_Z8_Z7_Z14_Z9_Z10_Z9_Z2_Z8_Z9_Z5_Z8_Z8_Z7_Z10_Z8_Z7",24
"F","1","FT","BT","Z4","Z5","Z3","Z3","Z3","Z2","In",1046,"206","Z4_Z9_Z10_Z10_Z7_Z7_Z7_Z10_Z8_Z7_Z14_Z9_Z10_Z9_Z2_Z8_Z9_Z5_Z8_Z8_Z7_Z10_Z8_Z7",24
"N","0","BT","FT","Z5","Z3","Z3","Z2","Z2","Z5","In",1047,"206","Z4_Z9_Z10_Z10_Z7_Z7_Z7_Z10_Z8_Z7_Z14_Z9_Z10_Z9_Z2_Z8_Z9_Z5_Z8_Z8_Z7_Z10_Z8_Z7",24
"F","1","BS","BT","Z3","Z3","Z2","Z5","Z4","Z3","In",1048,"206","Z4_Z9_Z10_Z10_Z7_Z7_Z7_Z10_Z8_Z7_Z14_Z9_Z10_Z9_Z2_Z8_Z9_Z5_Z8_Z8_Z7_Z10_Z8_Z7",24
"N","0","FT","BS","Z3","Z2","Z5","Z3","Z3","Z2","In",1049,"206","Z4_Z9_Z10_Z10_Z7_Z7_Z7_Z10_Z8_Z7_Z14_Z9_Z10_Z9_Z2_Z8_Z9_Z5_Z8_Z8_Z7_Z10_Z8_Z7",24
"N","0","FT",NA,NA,NA,NA,"Z4","Z4","Z4","In",1051,"207","Z4_Z9_Z7_Z9_Z2_Z2",6
"F","1","FT","FT",NA,NA,"Z4","Z4","Z5","Z2","In",1052,"207","Z4_Z9_Z7_Z9_Z2_Z2",6
"N","0","BT","FT",NA,"Z4","Z4","Z2","Z2","Z4","In",1053,"207","Z4_Z9_Z7_Z9_Z2_Z2",6
"F","1","FT","BT","Z4","Z4","Z2","Z4","Z4","Z2","In",1054,"207","Z4_Z9_Z7_Z9_Z2_Z2",6
"N","0","BT","FT","Z4","Z2","Z4","Z2","Z2","Z2","In",1055,"207","Z4_Z9_Z7_Z9_Z2_Z2",6
"N","0","FT",NA,NA,NA,NA,"Z3","Z3","Z4","In",1057,"208","Z3_Z9_Z10",3
"F","1","FT","FT",NA,NA,"Z3","Z4","Z4","Z5","In",1058,"208","Z3_Z9_Z10",3
"N","0","FT",NA,NA,NA,NA,"Z5","Z5","Z4","In",1060,"209","Z5_Z4_Z9_Z4_Z2_Z14",6
"F","1","BT","FT",NA,NA,"Z5","Z4","Z4","Z4","In",1061,"209","Z5_Z4_Z9_Z4_Z2_Z14",6
"N","0","FT","BT",NA,"Z5","Z4","Z4","Z4","Z4","In",1062,"209","Z5_Z4_Z9_Z4_Z2_Z14",6
"F","1","FT","FT","Z5","Z4","Z4","Z4","Z5","Z2","In",1063,"209","Z5_Z4_Z9_Z4_Z2_Z14",6
"N","0","BT","FT","Z4","Z4","Z4","Z2","Z2","Z5","Wide",1064,"209","Z5_Z4_Z9_Z4_Z2_Z14",6
